date,economic_value,reporting_basis_value,with_own_credit,own_credit_adjustment,own_credit_spread_pct,margin_effect
2016-10-14,9428.37,11432.93,103.64,-11329.30,1.58,2004.56
2016-10-21,9437.86,11467.92,145.78,-11322.14,1.56,2030.06
2016-10-28,9163.67,11133.11,29.36,-11103.75,1.56,1969.44
2016-11-04,11508.60,13564.73,1874.54,-11690.19,1.60,2056.13
2016-11-11,6144.73,7918.88,-2426.09,-10344.97,1.56,1774.15
2016-11-18,4719.43,6429.51,-3327.63,-9757.13,1.51,1710.08
2016-11-25,4246.82,5952.88,-3623.66,-9576.54,1.49,1706.06
2016-12-02,4541.79,6228.64,-3102.97,-9331.60,1.45,1686.85
2016-12-09,2674.07,4292.87,-4791.55,-9084.42,1.46,1618.80
2016-12-16,2417.45,4023.72,-4487.64,-8511.36,1.37,1606.27
2016-12-23,2642.86,4277.43,-4228.49,-8505.93,1.35,1634.58
2016-12-30,3907.44,5595.86,-3226.51,-8822.37,1.37,1688.42
2017-01-06,3359.41,5055.14,-3686.18,-8741.32,1.34,1695.73
2017-01-13,3542.32,5246.28,-3500.99,-8747.27,1.34,1703.96
2017-01-20,3076.31,4742.25,-3802.01,-8544.26,1.33,1665.95
2017-01-27,2527.33,4177.56,-4240.83,-8418.38,1.31,1650.23
2017-02-03,2505.89,4142.34,-4418.32,-8560.67,1.34,1636.45
2017-02-10,2822.82,4506.22,-4162.77,-8669.00,1.34,1683.40
2017-02-17,2282.64,3953.51,-4593.68,-8547.19,1.33,1670.87
2017-02-24,3155.17,4890.16,-3959.80,-8849.96,1.34,1735.00
2017-03-03,1865.20,3523.10,-4794.75,-8317.85,1.30,1657.90
2017-03-10,1366.68,2975.80,-5239.97,-8215.77,1.31,1609.12
2017-03-17,1707.43,3345.39,-5120.01,-8465.40,1.33,1637.95
2017-03-24,3032.73,4738.50,-3975.70,-8714.20,1.33,1705.77
2017-03-31,2489.29,4173.84,-4540.01,-8713.85,1.34,1684.55
2017-04-07,2882.64,4585.18,-4196.04,-8781.22,1.34,1702.54
2017-04-13,4603.34,6391.66,-2854.13,-9245.79,1.37,1788.33
2017-04-21,4145.52,5924.11,-3322.85,-9246.96,1.37,1778.59
2017-04-28,2866.50,4589.04,-4427.71,-9016.75,1.37,1722.54
2017-05-05,2349.23,4049.32,-4729.62,-8778.94,1.34,1700.09
2017-05-12,2525.52,4227.52,-4605.61,-8833.12,1.35,1701.99
2017-05-19,3512.40,5273.65,-3816.94,-9090.59,1.36,1761.25
2017-05-26,2829.40,4572.56,-4384.56,-8957.12,1.34,1743.16
2017-06-02,3573.19,5393.29,-3825.18,-9218.47,1.34,1820.11
2017-06-09,3361.22,5151.86,-3861.54,-9013.40,1.33,1790.64
2017-06-16,3795.05,5626.87,-3445.50,-9072.37,1.31,1831.82
2017-06-23,3957.44,5818.99,-3181.53,-9000.52,1.29,1861.55
2017-06-30,3270.77,5060.29,-3479.28,-8539.57,1.25,1789.52
2017-07-07,2731.18,4472.42,-3879.87,-8352.30,1.25,1741.25
2017-07-14,2507.82,4259.70,-4194.92,-8454.63,1.25,1751.88
2017-07-21,3164.26,4978.50,-3539.72,-8518.22,1.23,1814.24
2017-07-28,2797.15,4571.16,-3832.20,-8403.36,1.23,1774.01
2017-08-04,3156.22,4961.66,-3539.08,-8500.74,1.23,1805.44
2017-08-11,4965.73,6840.68,-2137.85,-8978.53,1.27,1874.95
2017-08-18,4834.58,6698.07,-2236.27,-8934.34,1.27,1863.49
2017-08-25,4430.93,6294.69,-2650.32,-8945.02,1.27,1863.76
2017-09-01,4267.24,6135.74,-2976.90,-9112.64,1.29,1868.50
2017-09-08,5424.53,7360.40,-2044.01,-9404.42,1.30,1935.88
2017-09-15,4035.49,5908.26,-3049.97,-8958.24,1.26,1872.77
2017-09-22,3683.71,5533.96,-3161.25,-8695.20,1.23,1850.25
2017-09-29,3197.77,5020.11,-3428.82,-8448.92,1.20,1822.34
2017-10-06,2077.14,3829.92,-3868.61,-7698.52,1.19,1752.78
2017-10-13,2598.63,4403.69,-3411.59,-7815.27,1.18,1805.06
2017-10-20,1696.81,3449.83,-4086.20,-7536.03,1.16,1753.02
2017-10-27,1520.69,3256.22,-4197.14,-7453.36,1.16,1735.53
2017-11-03,2243.32,4047.07,-3515.58,-7562.65,1.15,1803.75
2017-11-10,2205.46,3987.56,-3577.04,-7564.61,1.16,1782.11
2017-11-17,2847.71,4685.76,-3017.86,-7703.62,1.16,1838.05
2017-11-24,2295.87,4123.59,-3436.93,-7560.52,1.14,1827.71
2017-12-01,2073.89,3912.16,-3535.70,-7447.86,1.12,1838.27
2017-12-08,1709.64,3531.57,-3871.45,-7403.02,1.12,1821.93
2017-12-15,1810.99,3675.17,-3559.34,-7234.52,1.08,1864.18
2017-12-22,890.88,2672.38,-4313.63,-6986.02,1.07,1781.50
2017-12-29,1819.64,3665.67,-3421.58,-7087.25,1.06,1846.03
2018-01-05,628.87,2429.74,-4516.80,-6946.54,1.06,1800.87
2018-01-12,-92.30,1683.55,-4893.31,-6576.86,1.01,1775.86
2018-01-19,-466.43,1288.85,-5084.98,-6373.83,0.98,1755.28
2018-01-26,-760.87,1011.66,-5249.15,-6260.80,0.96,1772.53
2018-02-02,31.47,1744.06,-4328.63,-6072.69,0.95,1712.59
2018-02-09,3996.69,5800.58,-843.42,-6644.00,1.00,1803.89
2018-02-16,811.74,2533.18,-3848.99,-6382.17,1.00,1721.44
2018-02-23,21.43,1703.84,-4658.13,-6361.97,1.01,1682.41
2018-03-02,1489.74,3218.71,-3403.50,-6622.20,1.03,1728.97
2018-03-09,-423.38,1257.14,-5394.40,-6651.54,1.06,1680.52
2018-03-16,593.94,2327.70,-4527.86,-6855.56,1.07,1733.75
2018-03-23,4070.47,5887.14,-1488.80,-7375.95,1.12,1816.68
2018-03-29,3334.98,5168.36,-2178.29,-7346.65,1.11,1833.38
2018-04-06,3708.15,5528.25,-1757.27,-7285.52,1.10,1820.10
2018-04-13,2094.59,3864.14,-3098.27,-6962.41,1.07,1769.54
2018-04-20,883.88,2576.61,-4136.87,-6713.48,1.07,1692.73
2018-04-27,741.92,2430.33,-4338.13,-6768.45,1.08,1688.41
2018-05-04,755.93,2443.32,-4527.31,-6970.63,1.12,1687.39
2018-05-11,-444.44,1221.50,-5528.52,-6750.01,1.09,1665.94
2018-05-18,-809.16,806.08,-5846.33,-6652.41,1.10,1615.24
2018-05-25,-192.64,1480.65,-5408.91,-6889.56,1.11,1673.29
2018-06-01,158.52,1867.16,-5280.38,-7147.54,1.14,1708.64
2018-06-08,-628.45,1053.27,-6013.83,-7067.10,1.14,1681.72
2018-06-15,-560.14,1133.37,-5856.62,-6989.99,1.12,1693.52
2018-06-22,91.88,1804.78,-5582.73,-7387.51,1.18,1712.90
2018-06-29,1320.02,3087.59,-4528.58,-7616.18,1.19,1767.58
2018-07-06,771.13,2542.93,-4978.04,-7520.97,1.18,1771.80
2018-07-13,103.94,1864.40,-5415.31,-7279.71,1.14,1760.46
2018-07-20,-233.94,1485.32,-5724.44,-7209.76,1.15,1719.26
2018-07-27,-781.45,904.51,-5975.91,-6880.42,1.10,1685.96
2018-08-03,-1032.50,650.01,-6229.16,-6879.17,1.10,1682.51
2018-08-10,-285.87,1442.10,-5673.29,-7115.39,1.12,1727.97
2018-08-17,-334.11,1399.77,-5805.10,-7204.87,1.13,1733.88
2018-08-24,-143.27,1627.18,-5718.83,-7346.00,1.14,1770.45
2018-08-31,-439.90,1314.64,-6070.46,-7385.10,1.15,1754.53
2018-09-07,-422.80,1294.84,-6007.94,-7302.78,1.16,1717.64
2018-09-14,-1444.62,236.07,-6799.62,-7035.69,1.13,1680.68
2018-09-21,-1847.23,-190.99,-7009.51,-6818.52,1.10,1656.25
2018-09-28,-1648.72,10.18,-6849.43,-6859.61,1.10,1658.90
2018-10-05,-2895.05,-1411.60,-7413.39,-6001.79,1.11,1483.44
2018-10-12,-100.48,1491.85,-4910.72,-6402.57,1.13,1592.33
2018-10-19,-383.96,1180.36,-5269.24,-6449.60,1.15,1564.32
2018-10-26,2206.08,3859.15,-3174.27,-7033.42,1.21,1653.07
2018-11-02,45.49,1591.28,-5134.65,-6725.93,1.21,1545.79
2018-11-09,-867.42,672.92,-5902.53,-6575.45,1.19,1540.34
2018-11-16,451.14,2050.55,-5165.45,-7216.00,1.28,1599.41
2018-11-23,2572.29,4232.61,-3332.83,-7565.44,1.31,1660.32
2018-11-30,381.81,1992.83,-5680.79,-7673.62,1.36,1611.02
2018-12-07,4000.17,5767.59,-2537.29,-8304.88,1.39,1767.42
2018-12-14,4165.03,5926.10,-2173.11,-8099.21,1.35,1761.07
2018-12-21,8615.91,10522.61,1778.79,-8743.81,1.39,1906.69
2018-12-28,7656.09,9546.27,401.16,-9145.12,1.46,1890.19
2019-01-04,6539.24,8412.56,-790.52,-9203.08,1.47,1873.32
2019-01-11,4721.39,6523.42,-2358.62,-8882.04,1.45,1802.02
2019-01-18,3140.72,4890.36,-3660.42,-8550.78,1.43,1749.64
2019-01-25,3437.18,5204.65,-3285.63,-8490.28,1.40,1767.46
2019-02-01,2865.14,4629.00,-3769.65,-8398.65,1.39,1763.87
2019-02-08,3177.25,4969.97,-3499.21,-8469.18,1.38,1792.71
2019-02-15,1995.50,3754.04,-4521.63,-8275.67,1.37,1758.55
2019-02-22,1478.76,3212.21,-4908.49,-8120.70,1.35,1733.45
2019-03-01,699.30,2372.63,-5463.75,-7836.38,1.33,1673.34
2019-03-08,2803.02,4582.01,-3759.97,-8341.98,1.36,1778.99
2019-03-15,1305.39,3040.31,-5201.06,-8241.37,1.37,1734.92
2019-03-22,3185.90,5033.63,-3625.73,-8659.36,1.38,1847.73
2019-03-29,2679.44,4536.13,-4008.80,-8544.93,1.36,1856.69
2019-04-05,1271.85,3059.98,-5129.75,-8189.73,1.33,1788.13
2019-04-12,595.06,2341.06,-5496.11,-7837.18,1.29,1746.00
2019-04-18,674.04,2424.23,-5327.38,-7751.61,1.27,1750.19
2019-04-26,735.23,2510.04,-5346.09,-7856.13,1.28,1774.81
2019-05-03,657.21,2428.89,-5343.78,-7772.67,1.27,1771.67
2019-05-10,2247.51,4077.04,-4184.25,-8261.29,1.32,1829.54
2019-05-17,3040.10,4913.94,-3629.62,-8543.55,1.34,1873.84
2019-05-24,3874.57,5790.31,-3129.45,-8919.77,1.39,1915.75
2019-05-31,6534.95,8586.18,-989.09,-9575.27,1.42,2051.22
2019-06-07,4811.98,6837.53,-2823.84,-9661.37,1.45,2025.55
2019-06-14,4429.47,6435.13,-3173.85,-9608.98,1.45,2005.66
2019-06-21,3910.75,5918.09,-3448.41,-9366.50,1.41,2007.33
2019-06-28,4255.01,6292.63,-3038.76,-9331.39,1.39,2037.62
2019-07-05,3239.00,5244.52,-3791.69,-9036.21,1.36,2005.52
2019-07-12,2435.57,4383.80,-4452.13,-8835.93,1.35,1948.23
2019-07-19,3630.49,5637.85,-3420.64,-9058.49,1.36,2007.35
2019-07-26,2611.07,4584.97,-3909.74,-8494.72,1.28,1973.90
2019-08-02,6053.38,8205.97,-1004.38,-9210.35,1.31,2152.59
2019-08-09,7336.92,9581.61,-81.17,-9662.78,1.34,2244.68
2019-08-16,9612.22,12023.14,1779.54,-10243.61,1.36,2410.92
2019-08-23,10392.77,12814.29,2477.15,-10337.14,1.36,2421.52
2019-08-30,9520.33,11957.83,1646.52,-10311.31,1.36,2437.50
2019-09-06,7863.21,10228.29,122.34,-10105.95,1.36,2365.08
2019-09-13,4780.74,6906.82,-2293.30,-9200.12,1.33,2126.08
2019-09-20,6519.67,8779.02,-718.56,-9497.58,1.31,2259.36
2019-09-27,7510.44,9811.98,185.54,-9626.44,1.31,2301.54
2019-10-04,7351.80,9644.24,253.42,-9390.82,1.37,2292.45
2019-10-11,5316.22,7451.15,-1241.79,-8692.94,1.33,2134.93
2019-10-18,4829.87,6936.60,-1663.20,-8599.80,1.33,2106.73
2019-10-25,3934.90,5999.56,-2308.46,-8308.02,1.30,2064.66
2019-11-01,3878.91,5979.30,-2411.69,-8391.00,1.30,2100.39
2019-11-08,2231.48,4192.36,-3645.52,-7837.87,1.27,1960.87
2019-11-15,2518.05,4536.39,-3513.20,-8049.59,1.28,2018.34
2019-11-22,3265.13,5343.46,-2893.82,-8237.27,1.28,2078.32
2019-11-29,3058.73,5142.32,-2889.12,-8031.44,1.25,2083.59
2019-12-06,2829.40,4879.93,-3034.22,-7914.15,1.24,2050.52
2019-12-13,2533.55,4586.15,-3162.08,-7748.23,1.21,2052.60
2019-12-20,1503.16,3497.94,-3883.58,-7381.52,1.18,1994.77
2019-12-27,1788.03,3810.92,-3643.04,-7453.95,1.18,2022.89
2020-01-03,2516.74,4588.24,-3143.12,-7731.36,1.19,2071.50
2020-01-10,1773.09,3811.13,-3827.38,-7638.51,1.19,2038.04
2020-01-17,1066.86,3089.79,-4463.91,-7553.70,1.19,2022.93
2020-01-24,2896.06,5046.01,-2832.41,-7878.41,1.19,2149.94
2020-01-31,5563.80,7866.09,-968.70,-8834.79,1.28,2302.29
2020-02-07,3541.17,5766.76,-2556.50,-8323.26,1.23,2225.59
2020-02-14,2977.99,5198.80,-3066.86,-8265.67,1.22,2220.82
2020-02-21,4992.22,7342.99,-1443.35,-8786.34,1.25,2350.77
2020-02-28,15230.14,17985.23,6940.87,-11044.35,1.43,2755.08
2020-03-06,20796.58,23963.24,11063.65,-12899.58,1.53,3166.66
2020-03-13,27194.66,30392.28,14211.64,-16180.64,1.98,3197.61
2020-03-20,38717.96,42153.73,21311.89,-20841.85,2.54,3435.77
2020-03-27,34295.37,37799.05,17672.26,-20126.79,2.39,3503.68
2020-04-03,30221.96,33539.08,14337.04,-19202.04,2.35,3317.12
2020-04-09,24522.03,27712.34,10234.04,-17478.30,2.17,3190.31
2020-04-17,22900.81,26093.33,9967.17,-16126.16,1.96,3192.52
2020-04-24,24175.54,27448.56,11151.63,-16296.93,1.95,3273.02
2020-05-01,23839.53,27055.31,10926.94,-16128.37,1.95,3215.78
2020-05-08,19482.13,22506.03,6501.34,-16004.69,2.02,3023.90
2020-05-15,21923.78,25051.42,8529.32,-16522.10,2.05,3127.63
2020-05-22,19370.91,22404.01,7119.23,-15284.78,1.91,3033.10
2020-05-29,17839.87,20824.12,6081.30,-14742.82,1.85,2984.25
2020-06-05,13227.38,15963.89,2911.44,-13052.45,1.72,2736.51
2020-06-12,21194.51,24308.84,9877.78,-14431.06,1.75,3114.33
2020-06-19,20222.22,23317.46,9091.92,-14225.55,1.72,3095.25
2020-06-26,20977.52,24096.57,9607.08,-14489.50,1.75,3119.05
2020-07-02,17378.62,20370.04,6462.18,-13907.86,1.72,2991.42
2020-07-10,17653.41,20724.64,7140.48,-13584.16,1.64,3071.23
2020-07-17,17209.68,20280.38,6939.34,-13341.04,1.61,3070.69
2020-07-24,17956.09,21094.83,8010.52,-13084.31,1.55,3138.75
2020-07-31,17677.49,20845.96,7562.81,-13283.15,1.56,3168.47
2020-08-07,16447.63,19586.46,6493.63,-13092.84,1.54,3138.83
2020-08-14,14847.79,17829.44,4984.96,-12844.48,1.57,2981.64
2020-08-21,15367.75,18423.88,5232.27,-13191.61,1.58,3056.13
2020-08-28,14796.06,17811.74,4351.77,-13459.97,1.63,3015.67
2020-09-04,17744.12,20877.38,7265.14,-13612.24,1.61,3133.26
2020-09-11,16285.97,19315.94,6009.82,-13306.13,1.61,3029.97
2020-09-18,15605.29,18576.65,5593.25,-12983.40,1.60,2971.36
2020-09-25,16604.37,19629.08,6182.21,-13446.87,1.64,3024.71
2020-10-02,13745.69,16603.17,4450.82,-12152.36,1.66,2857.48
2020-10-09,10381.75,13089.71,1699.40,-11390.31,1.60,2707.96
2020-10-16,11075.58,13840.56,2409.56,-11431.00,1.58,2764.98
2020-10-23,10381.16,13058.01,2009.96,-11048.06,1.56,2676.85
2020-10-30,14896.57,17704.82,6273.45,-11431.37,1.57,2808.25
2020-11-06,9698.61,12373.94,1663.72,-10710.23,1.51,2675.33
2020-11-13,8093.75,10698.25,442.90,-10255.36,1.46,2604.51
2020-11-20,9091.54,11776.96,1660.12,-10116.84,1.41,2685.41
2020-11-27,7796.92,10434.87,539.23,-9895.64,1.39,2637.95
2020-12-04,6338.88,8864.43,-428.83,-9293.26,1.34,2525.55
2020-12-11,8024.86,10661.90,1099.12,-9562.78,1.34,2637.05
2020-12-18,6989.95,9565.61,107.87,-9457.74,1.34,2575.66
2020-12-24,7326.66,9929.64,447.59,-9482.05,1.34,2602.98
2020-12-31,7150.37,9770.62,430.13,-9340.48,1.31,2620.24
2021-01-08,5348.76,7818.84,-1252.57,-9071.40,1.31,2470.08
2021-01-15,6820.82,9347.77,355.38,-8992.39,1.28,2526.95
2021-01-22,6014.39,8529.66,-484.26,-9013.93,1.28,2515.28
2021-01-29,10196.31,12863.05,3374.94,-9488.12,1.30,2666.75
2021-02-05,5338.94,7791.14,-1238.83,-9029.97,1.31,2452.20
2021-02-12,4996.17,7436.17,-1618.16,-9054.32,1.31,2439.99
2021-02-19,4365.62,6711.42,-1925.22,-8636.63,1.28,2345.79
2021-02-26,5223.65,7555.19,-935.47,-8490.66,1.27,2331.53
2021-03-05,3632.81,5859.08,-2412.95,-8272.03,1.28,2226.28
2021-03-12,1606.78,3726.67,-4507.15,-8233.82,1.31,2119.89
2021-03-19,999.85,3060.15,-4710.13,-7770.28,1.26,2060.30
2021-03-26,276.20,2348.52,-5427.54,-7776.06,1.25,2072.32
2021-04-01,-300.91,1770.08,-5631.54,-7401.62,1.19,2070.99
2021-04-09,-518.32,1586.11,-5863.95,-7450.06,1.18,2104.43
2021-04-16,-100.61,2076.05,-5597.75,-7673.80,1.18,2176.66
2021-04-23,437.53,2644.31,-5173.86,-7818.17,1.19,2206.78
2021-04-30,284.13,2466.34,-5189.46,-7655.80,1.18,2182.21
2021-05-07,38.95,2233.01,-5523.90,-7756.91,1.18,2194.06
2021-05-14,335.73,2495.62,-5382.79,-7878.40,1.22,2159.88
2021-05-21,961.18,3151.98,-4724.05,-7876.04,1.21,2190.80
2021-05-28,205.65,2396.75,-5433.03,-7829.78,1.19,2191.10
2021-06-04,441.57,2662.87,-5219.40,-7882.28,1.19,2221.31
2021-06-11,757.41,3031.87,-4957.60,-7989.47,1.18,2274.46
2021-06-18,2654.40,5045.36,-2684.42,-7729.78,1.11,2390.96
2021-06-25,390.83,2661.34,-5067.20,-7728.55,1.14,2270.51
2021-07-02,1359.51,3751.94,-4180.48,-7932.41,1.12,2392.42
2021-07-09,2405.20,4883.76,-3413.29,-8297.05,1.15,2478.56
2021-07-16,3527.13,6066.67,-2425.04,-8491.71,1.16,2539.54
2021-07-23,3616.42,6200.97,-2455.61,-8656.57,1.16,2584.54
2021-07-30,4291.62,6916.17,-1921.61,-8837.78,1.17,2624.55
2021-08-06,3488.54,6073.92,-2665.74,-8739.66,1.16,2585.39
2021-08-13,3446.98,6044.66,-2922.56,-8967.23,1.19,2597.68
2021-08-20,4757.84,7438.20,-1605.97,-9044.18,1.18,2680.36
2021-08-27,3855.60,6501.17,-2365.59,-8866.76,1.15,2645.57
2021-09-03,3695.92,6332.30,-2508.67,-8840.97,1.15,2636.38
2021-09-10,4904.66,7571.80,-1150.64,-8722.44,1.13,2667.14
2021-09-17,4927.33,7593.28,-898.52,-8491.81,1.10,2665.95
2021-09-24,3341.17,5903.51,-2273.01,-8176.51,1.08,2562.34
2021-10-01,2533.83,4925.17,-2515.58,-7440.75,1.11,2391.34
2021-10-08,1060.08,3340.67,-3833.71,-7174.39,1.10,2280.59
2021-10-15,297.00,2597.84,-4305.96,-6903.81,1.06,2300.84
2021-10-22,-613.15,1649.70,-5019.86,-6669.56,1.03,2262.85
2021-10-29,-219.81,2125.41,-4579.49,-6704.91,1.01,2345.22
2021-11-05,-25.49,2389.53,-4599.84,-6989.36,1.04,2415.02
2021-11-12,-600.75,1745.86,-4949.85,-6695.70,1.01,2346.60
2021-11-19,110.87,2519.48,-4435.68,-6955.15,1.04,2408.61
2021-11-26,4359.87,7000.71,-726.96,-7727.68,1.09,2640.85
2021-12-03,6893.57,9704.06,1695.22,-8008.84,1.09,2810.50
2021-12-10,1031.08,3513.33,-3953.94,-7467.27,1.10,2482.25
2021-12-17,2934.27,5508.56,-2298.81,-7807.37,1.12,2574.29
2021-12-23,915.37,3383.91,-4172.32,-7556.22,1.12,2468.54
2021-12-31,143.62,2582.78,-4871.03,-7453.81,1.11,2439.16
2022-01-07,-233.82,2080.39,-4897.73,-6978.12,1.07,2314.21
2022-01-14,-270.64,2030.65,-4953.52,-6984.17,1.07,2301.28
2022-01-21,4756.66,7262.52,-295.45,-7557.96,1.10,2505.85
2022-01-28,3976.82,6453.35,-1293.34,-7746.68,1.15,2476.52
2022-02-04,1490.18,3804.44,-3637.30,-7441.74,1.15,2314.26
2022-02-11,3168.10,5545.46,-2304.97,-7850.43,1.20,2377.36
2022-02-18,3839.68,6226.60,-2101.35,-8327.96,1.28,2386.92
2022-02-25,2756.77,5077.92,-3335.03,-8412.95,1.32,2321.15
2022-03-04,6257.04,8784.34,-539.22,-9323.56,1.39,2527.30
2022-03-11,5561.76,7943.92,-1118.99,-9062.91,1.41,2382.16
2022-03-18,716.61,2912.73,-4979.45,-7892.18,1.28,2196.12
2022-03-25,-2016.16,4.49,-6855.39,-6859.88,1.18,2020.66
2022-04-01,-1493.18,606.32,-5926.66,-6532.98,1.09,2099.50
2022-04-08,-2598.38,-678.57,-6747.25,-6068.68,1.07,1919.81
2022-04-14,-2323.29,-466.20,-6868.38,-6402.18,1.16,1857.10
2022-04-22,-257.19,1667.10,-4945.10,-6612.20,1.18,1924.28
2022-04-29,2117.85,4118.50,-2932.38,-7050.87,1.23,2000.65
2022-05-06,463.57,2296.07,-4492.57,-6788.64,1.25,1832.50
2022-05-13,1450.36,3332.96,-4044.77,-7377.73,1.34,1882.60
2022-05-20,3493.09,5477.95,-2529.77,-8007.73,1.42,1984.86
2022-05-27,317.67,2219.74,-5298.36,-7518.10,1.36,1902.06
2022-06-03,-476.37,1332.47,-5441.51,-6773.98,1.25,1808.84
2022-06-10,1440.90,3268.24,-3360.91,-6629.15,1.22,1827.34
2022-06-17,4014.55,5878.21,-1082.08,-6960.29,1.28,1863.66
2022-06-24,1028.35,2818.90,-4262.24,-7081.15,1.33,1790.55
2022-07-01,2808.04,4698.27,-3263.30,-7961.58,1.45,1890.23
2022-07-08,733.43,2502.33,-4803.21,-7305.54,1.39,1768.90
2022-07-15,1952.31,3821.75,-3722.16,-7543.91,1.38,1869.44
2022-07-22,1366.49,3257.65,-4315.54,-7573.19,1.37,1891.17
2022-07-29,-557.57,1281.81,-6425.82,-7707.63,1.42,1839.38
2022-08-05,-1106.59,698.07,-6669.18,-7367.25,1.37,1804.67
2022-08-12,-2766.42,-1031.83,-8167.50,-7135.67,1.36,1734.59
2022-08-19,-2565.20,-859.22,-7847.97,-6988.75,1.35,1705.98
2022-08-26,-406.93,1368.52,-5608.63,-6977.15,1.31,1775.45
2022-09-02,113.48,1841.17,-5158.78,-6999.95,1.34,1727.69
2022-09-09,-2186.54,-562.61,-7177.19,-6614.58,1.32,1623.93
2022-09-16,35.65,1709.28,-4949.18,-6658.46,1.31,1673.63
2022-09-23,1984.24,3694.30,-2743.82,-6438.12,1.25,1710.05
2022-09-30,4348.52,6017.44,-722.68,-6740.12,1.34,1668.92
2022-10-07,1832.37,3390.86,-2461.66,-5852.53,1.30,1558.49
2022-10-14,2008.93,3537.13,-2497.36,-6034.49,1.37,1528.19
2022-10-21,-1001.86,344.70,-5441.15,-5785.85,1.42,1346.56
2022-10-28,-2543.31,-1208.89,-6869.94,-5661.05,1.38,1334.42
2022-11-04,-1917.38,-592.60,-6051.06,-5458.46,1.33,1324.78
2022-11-11,-2924.12,-1566.10,-7449.76,-5883.66,1.42,1358.01
2022-11-18,-2504.90,-1101.13,-6570.02,-5468.89,1.28,1403.77
2022-11-25,-2825.55,-1388.17,-6785.88,-5397.71,1.24,1437.38
2022-12-02,-2628.20,-1131.36,-6602.89,-5471.53,1.22,1496.85
2022-12-09,-966.30,587.35,-4667.40,-5254.75,1.14,1553.65
2022-12-16,212.11,1825.11,-3774.60,-5599.72,1.19,1613.00
2022-12-23,-1008.37,481.93,-4898.67,-5380.60,1.20,1490.30
2022-12-30,-1441.44,-6.78,-5236.52,-5229.74,1.19,1434.66
2023-01-06,-807.24,735.37,-4986.42,-5721.79,1.24,1542.62
2023-01-13,-1978.44,-463.05,-5849.01,-5385.95,1.17,1515.39
2023-01-20,-1489.02,43.64,-5460.94,-5504.57,1.19,1532.66
2023-01-27,-2735.25,-1245.42,-6403.62,-5158.21,1.13,1489.83
2023-02-03,-3258.94,-1783.92,-6776.33,-4992.40,1.10,1475.02
2023-02-10,-3211.99,-1785.95,-6698.17,-4912.21,1.11,1426.04
2023-02-17,-3498.29,-2097.26,-7047.42,-4950.16,1.13,1401.03
2023-02-24,-2729.33,-1321.55,-6197.25,-4875.71,1.12,1407.78
2023-03-03,-3972.24,-2610.16,-7235.20,-4625.04,1.07,1362.08
2023-03-10,-16.94,1552.05,-3903.43,-5455.47,1.18,1568.99
2023-03-17,981.72,2622.59,-3668.10,-6290.69,1.33,1640.87
2023-03-24,-338.45,1247.02,-5027.46,-6274.48,1.34,1585.47
2023-03-31,-2563.04,-1066.68,-6804.59,-5737.91,1.27,1496.36
2023-04-06,-1829.91,-265.05,-6188.79,-5923.74,1.27,1564.86
2023-04-14,-3155.90,-1695.60,-7221.76,-5526.17,1.23,1460.30
2023-04-21,-3199.39,-1752.21,-7217.03,-5464.83,1.22,1447.18
2023-04-28,-3203.15,-1726.30,-7372.83,-5646.53,1.25,1476.85
2023-05-05,-2658.62,-1179.20,-7131.47,-5952.27,1.32,1479.42
2023-05-12,-2611.40,-1134.90,-7103.20,-5968.29,1.33,1476.50
2023-05-19,-4242.12,-2876.68,-8471.66,-5594.98,1.31,1365.43
2023-05-26,-4536.06,-3189.98,-8530.83,-5340.85,1.26,1346.08
2023-06-02,-5331.80,-3992.37,-9365.15,-5372.78,1.27,1339.43
2023-06-09,-5761.95,-4443.68,-9628.22,-5184.54,1.23,1318.27
2023-06-16,-6790.33,-5507.34,-10392.77,-4885.43,1.18,1282.99
2023-06-23,-6052.92,-4728.84,-9710.02,-4981.18,1.18,1324.08
2023-06-30,-7301.73,-6037.36,-10694.05,-4656.69,1.13,1264.37
2023-07-07,-7393.58,-6184.94,-10548.56,-4363.62,1.09,1208.63
2023-07-14,-7814.58,-6585.53,-11154.37,-4568.84,1.12,1229.05
2023-07-21,-7963.94,-6734.14,-11248.65,-4514.51,1.11,1229.80
2023-07-28,-8824.94,-7661.49,-11924.34,-4262.85,1.08,1163.45
2023-08-04,-7786.86,-6617.35,-11108.98,-4491.63,1.14,1169.51
2023-08-11,-8186.48,-7053.59,-11395.96,-4342.38,1.12,1132.89
2023-08-18,-7336.78,-6193.07,-10593.13,-4400.06,1.13,1143.71
2023-08-25,-7793.27,-6652.33,-10773.49,-4121.16,1.06,1140.94
2023-09-01,-8923.01,-7826.05,-11999.82,-4173.77,1.09,1096.96
2023-09-08,-8493.00,-7386.32,-11510.81,-4124.50,1.07,1106.68
2023-09-15,-8644.54,-7561.75,-11616.72,-4054.97,1.07,1082.79
2023-09-22,-7446.58,-6338.25,-10331.88,-3993.64,1.04,1108.33
2023-09-29,-7635.14,-6583.34,-10564.68,-3981.34,1.07,1051.80
2023-10-06,-7867.76,-6970.08,-10473.60,-3503.52,1.10,897.68
2023-10-13,-7219.88,-6256.75,-9854.26,-3597.51,1.09,963.13
2023-10-20,-6865.04,-5947.97,-9533.03,-3585.06,1.13,917.07
2023-10-27,-5757.52,-4777.14,-8504.18,-3727.04,1.13,980.37
2023-11-03,-7767.80,-6821.20,-10485.31,-3664.10,1.12,946.60
2023-11-10,-8364.36,-7440.41,-10940.49,-3500.09,1.08,923.96
2023-11-17,-8762.50,-7828.15,-11330.62,-3502.48,1.07,934.36
2023-11-24,-9209.35,-8294.46,-11651.84,-3357.38,1.03,914.88
2023-12-01,-8727.22,-7743.49,-11236.86,-3493.37,1.03,983.73
2023-12-08,-8673.66,-7665.86,-11005.10,-3339.23,0.97,1007.80
2023-12-15,-8554.94,-7468.64,-10884.09,-3415.46,0.94,1086.30
2023-12-22,-8659.95,-7582.60,-11138.51,-3555.91,0.99,1077.35
2023-12-29,-8809.61,-7736.05,-11214.80,-3478.75,0.97,1073.56
2024-01-05,-8659.49,-7616.35,-11128.16,-3511.81,0.99,1043.14
2024-01-12,-9151.10,-8121.43,-11606.21,-3484.78,0.98,1029.66
2024-01-19,-9989.89,-9032.38,-12273.11,-3240.73,0.95,957.51
2024-01-26,-10388.14,-9452.64,-12638.55,-3185.91,0.95,935.50
2024-02-02,-10310.91,-9329.91,-12606.96,-3277.05,0.95,981.00
2024-02-09,-11268.79,-10366.68,-13495.06,-3128.38,0.95,902.12
2024-02-16,-11272.32,-10388.54,-13365.78,-2977.25,0.92,883.79
2024-02-23,-11735.08,-10854.85,-13751.70,-2896.85,0.89,880.23
2024-03-01,-11912.83,-11029.09,-14077.76,-3048.68,0.94,883.74
2024-03-08,-11251.18,-10308.72,-13501.02,-3192.30,0.95,942.46
2024-03-15,-11739.38,-10861.21,-13749.07,-2887.86,0.89,878.17
2024-03-22,-12426.88,-11565.11,-14502.00,-2936.89,0.92,861.77
2024-03-28,-12485.07,-11617.47,-14510.24,-2892.77,0.90,867.60
2024-04-05,-12304.19,-11466.52,-14282.45,-2815.93,0.89,837.67
2024-04-12,-11824.97,-10979.71,-13729.93,-2750.22,0.87,845.26
2024-04-19,-10876.96,-10011.32,-12805.88,-2794.56,0.88,865.63
2024-04-26,-12427.56,-11652.35,-14285.75,-2633.39,0.87,775.21
2024-05-03,-12357.78,-11552.01,-14318.85,-2766.84,0.89,805.76
2024-05-10,-13026.58,-12248.04,-14946.89,-2698.85,0.89,778.54
2024-05-17,-13403.94,-12624.69,-15326.56,-2701.86,0.89,779.25
2024-05-24,-13383.68,-12600.43,-15268.77,-2668.34,0.88,783.25
2024-05-31,-13283.87,-12511.81,-15164.82,-2653.01,0.88,772.07
2024-06-07,-13499.13,-12713.99,-15387.69,-2673.69,0.88,785.13
2024-06-14,-13354.15,-12511.45,-15409.57,-2898.12,0.92,842.70
2024-06-21,-13565.33,-12737.19,-15638.93,-2901.74,0.93,828.14
2024-06-28,-13952.48,-13173.89,-15988.00,-2814.12,0.93,778.60
2024-07-05,-14421.12,-13650.43,-16473.24,-2822.80,0.94,770.68
2024-07-12,-14447.41,-13657.38,-16554.32,-2896.94,0.95,790.03
2024-07-19,-13411.74,-12576.11,-15534.73,-2958.62,0.94,835.63
2024-07-26,-13025.49,-12170.52,-15309.53,-3139.01,0.99,854.97
2024-08-02,-9787.94,-8680.46,-12587.66,-3907.20,1.08,1107.48
2024-08-09,-10749.33,-9727.31,-13407.51,-3680.20,1.06,1022.01
2024-08-16,-12572.79,-11618.41,-15025.34,-3406.93,1.01,954.38
2024-08-23,-12681.66,-11707.01,-15175.35,-3468.33,1.02,974.65
2024-08-30,-13222.58,-12302.12,-15648.33,-3346.20,1.01,920.46
2024-09-06,-9964.84,-8840.88,-12647.63,-3806.75,1.04,1123.96
2024-09-13,-11929.96,-10883.95,-14535.30,-3651.36,1.03,1046.01
2024-09-20,-12629.22,-11628.55,-15100.22,-3471.67,1.00,1000.67
2024-09-27,-12782.99,-11793.95,-15225.45,-3431.50,1.00,989.04
2024-10-04,-12517.13,-11694.10,-14450.49,-2756.39,0.94,823.03
2024-10-11,-13050.73,-12276.18,-14907.65,-2631.47,0.92,774.55
2024-10-18,-13599.92,-12858.26,-15422.01,-2563.76,0.92,741.67
2024-10-25,-13305.38,-12571.66,-15081.56,-2509.90,0.91,733.72
2024-11-01,-12954.85,-12221.58,-14645.13,-2423.55,0.88,733.27
2024-11-08,-15007.67,-14371.24,-16534.18,-2162.94,0.83,636.43
2024-11-15,-14513.38,-13879.23,-16076.19,-2196.96,0.85,634.15
2024-11-22,-14980.91,-14361.50,-16565.19,-2203.69,0.86,619.41
2024-11-29,-14928.87,-14258.06,-16563.12,-2305.06,0.86,670.81
2024-12-06,-15092.05,-14418.09,-16700.70,-2282.61,0.85,673.96
2024-12-13,-15342.71,-14739.16,-16909.57,-2170.40,0.85,603.55
2024-12-20,-14441.43,-13801.26,-16035.60,-2234.33,0.86,640.17
2024-12-27,-15231.99,-14664.47,-16744.55,-2080.08,0.84,567.51
2025-01-03,-15028.65,-14443.84,-16614.26,-2170.43,0.86,584.82
2025-01-10,-14261.82,-13658.33,-15820.13,-2161.80,0.85,603.49
2025-01-17,-15273.88,-14701.26,-16880.92,-2179.67,0.88,572.62
2025-01-24,-15858.90,-15314.22,-17409.76,-2095.54,0.86,544.68
2025-01-31,-15323.12,-14741.62,-16926.09,-2184.47,0.87,581.50
2025-02-07,-14938.63,-14306.31,-16567.42,-2261.11,0.87,632.32
2025-02-14,-15461.99,-14854.80,-17093.19,-2238.39,0.88,607.19
2025-02-21,-14533.08,-13862.64,-16246.75,-2384.11,0.89,670.44
2025-02-28,-13712.77,-12966.65,-15600.92,-2634.28,0.94,746.12
2025-03-07,-12505.89,-11720.90,-14476.82,-2755.92,0.97,784.98
2025-03-14,-11883.90,-11074.82,-13932.60,-2857.78,0.99,809.08
2025-03-21,-12270.37,-11477.02,-14362.65,-2885.63,1.01,793.35
2025-03-28,-11507.52,-10682.75,-13701.60,-3018.85,1.04,824.77
2025-04-04,-4111.48,-2874.29,-6984.57,-4110.28,1.16,1237.18
2025-04-11,-7949.65,-6974.32,-10512.51,-3538.19,1.14,975.34
2025-04-17,-8364.03,-7411.19,-10962.20,-3551.01,1.15,952.84
2025-04-25,-10527.95,-9662.92,-12932.57,-3269.65,1.10,865.04
2025-05-02,-11832.12,-11038.02,-14266.38,-3228.36,1.14,794.10
2025-05-09,-11936.27,-11160.13,-14335.42,-3175.29,1.13,776.14
2025-05-16,-14300.63,-13653.70,-16481.59,-2827.89,1.09,646.93
2025-05-23,-12923.06,-12221.32,-15239.12,-3017.80,1.13,701.74
2025-05-30,-13747.14,-13069.72,-15991.40,-2921.68,1.10,677.42
2025-06-06,-14634.19,-14014.83,-16665.85,-2651.02,1.04,619.37
2025-06-13,-13747.97,-13056.46,-15878.16,-2821.70,1.05,691.52
2025-06-20,-13650.07,-12949.38,-15805.09,-2855.71,1.06,700.68
2025-06-27,-15101.20,-14466.60,-17255.08,-2788.48,1.07,634.61
2025-07-03,-15681.77,-15073.01,-17644.84,-2571.84,1.00,608.76
2025-07-11,-15752.84,-15167.83,-17760.43,-2592.59,1.03,585.01
2025-07-18,-15901.97,-15326.68,-17918.93,-2592.25,1.04,575.29
2025-07-25,-16399.08,-15833.89,-18353.88,-2519.98,1.01,565.19
2025-08-01,-14794.52,-14113.48,-16940.47,-2826.98,1.05,681.04
2025-08-08,-16095.90,-15494.17,-18159.37,-2665.20,1.04,601.73
2025-08-15,-16491.36,-15920.18,-18464.81,-2544.63,1.01,571.18
2025-08-22,-16583.01,-16007.49,-18617.25,-2609.75,1.04,575.52
2025-08-29,-16435.75,-15854.27,-18576.96,-2722.69,1.08,581.48
2025-09-05,-16190.65,-15563.28,-18352.78,-2789.50,1.07,627.37
2025-09-12,-16502.81,-15864.74,-18564.36,-2699.61,1.02,638.07
2025-09-19,-16856.07,-16239.31,-18875.16,-2635.85,1.01,616.76
2025-09-26,-16950.17,-16350.25,-18900.45,-2550.20,0.99,599.92
2025-10-03,-15820.91,-15301.57,-17577.67,-2276.10,1.00,519.34
2025-10-10,-14213.10,-13568.75,-16131.07,-2562.32,1.03,644.35
2025-10-17,-14736.33,-14112.25,-16619.94,-2507.69,1.02,624.08
2025-10-24,-15782.79,-15223.90,-17558.62,-2334.72,0.99,558.89
2025-10-31,-15867.87,-15318.13,-17685.87,-2367.74,1.01,549.74
2025-11-07,-15320.06,-14747.39,-17228.84,-2481.45,1.05,572.68
2025-11-14,-15324.81,-14757.10,-17254.36,-2497.26,1.06,567.71
2025-11-21,-14119.98,-13465.64,-16184.69,-2719.04,1.09,654.34
2025-11-28,-15887.73,-15332.44,-17830.30,-2497.86,1.07,555.29
2025-12-05,-16283.31,-15777.87,-18135.62,-2357.75,1.04,505.44
2025-12-12,-16239.29,-15747.86,-18102.48,-2354.61,1.06,491.42
2025-12-19,-16357.75,-15869.43,-18217.75,-2348.32,1.06,488.32
2025-12-26,-16755.89,-16283.31,-18595.68,-2312.36,1.05,472.58
2026-01-02,-16526.47,-16047.37,-18364.21,-2316.84,1.04,479.09
2026-01-09,-16862.07,-16384.46,-18651.91,-2267.45,1.02,477.62
2026-01-16,-16618.77,-16126.07,-18332.11,-2206.05,0.98,492.71
2026-01-23,-16471.71,-15968.14,-18166.40,-2198.26,0.97,503.57
2026-01-30,-16419.42,-15912.59,-18134.05,-2221.46,0.97,506.83
2026-02-06,-16259.35,-15735.63,-18024.60,-2288.96,0.99,523.72
2026-02-13,-15131.19,-14502.06,-17064.41,-2562.34,1.03,629.12
2026-02-20,-15684.17,-15091.27,-17551.73,-2460.46,1.01,592.90
2026-02-27,-15224.57,-14584.03,-17276.35,-2692.32,1.08,640.55
2026-03-06,-13634.95,-12912.93,-15665.90,-2752.97,1.05,722.02
2026-03-13,-13588.31,-12903.29,-15689.23,-2785.93,1.10,685.01
2026-03-20,-13233.56,-12552.43,-15261.08,-2708.65,1.07,681.13
2026-03-27,-12260.05,-11531.02,-14297.27,-2766.24,1.07,729.03
2026-04-02,-13975.98,-13325.60,-15920.42,-2594.81,1.04,650.38
2026-04-10,-15539.35,-14977.88,-17404.68,-2426.80,1.03,561.47
2026-04-17,-16835.72,-16322.60,-18683.66,-2361.06,1.03,513.12
2026-04-24,-16862.33,-16346.59,-18687.63,-2341.04,1.02,515.74
2026-05-01,-17419.76,-16951.14,-19195.75,-2244.61,1.01,468.62
2026-05-08,-17863.64,-17395.27,-19604.27,-2209.00,0.99,468.37
2026-05-15,-18112.72,-17691.87,-19778.96,-2087.10,0.97,420.85
2026-05-22,-18446.36,-18032.26,-20050.70,-2018.44,0.94,414.10
2026-05-29,-18829.43,-18417.77,-20444.84,-2027.07,0.94,411.65
2026-06-05,-17736.36,-17267.27,-19297.05,-2029.79,0.91,469.09
2026-06-12,-18030.56,-17572.09,-19614.44,-2042.36,0.92,458.47
2026-06-18,-18300.91,-17841.60,-19860.11,-2018.51,0.91,459.31
2026-06-26,-17635.54,-17140.36,-19272.33,-2131.97,0.94,495.18
2026-07-02,-18460.05,-18030.70,-20038.00,-2007.29,0.92,429.34
2026-07-10,-18946.52,-18554.51,-20552.46,-1997.95,0.95,392.01
2026-07-17,-18205.25,-17766.65,-19847.23,-2080.58,0.95,438.61
2026-07-24,-18300.72,-17894.91,-19908.39,-2013.48,0.95,405.82
2026-07-31,-18969.61,-18625.09,-20584.06,-1958.97,0.98,344.53
2026-08-07,-19560.34,-19200.74,-21230.82,-2030.08,0.98,359.60
2026-08-14,-19747.51,-19406.60,-21461.79,-2055.19,1.01,340.91
2026-08-21,-19503.17,-19164.51,-21131.80,-1967.29,0.98,338.67
2026-08-28,-19704.21,-19369.63,-21233.43,-1863.80,0.92,334.58
2026-09-04,-19770.08,-19444.35,-21311.92,-1867.57,0.94,325.74
2026-09-11,-19700.33,-19396.52,-21147.44,-1750.91,0.90,303.81
2026-09-18,-19767.03,-19470.07,-21099.22,-1629.16,0.84,296.96
2026-09-25,-20327.99,-20082.89,-21627.00,-1544.11,0.83,245.10
