year,weeks,economic_hedged,reported_net_income,oci,economic_std,reported_std,reported_over_economic_std
2016,12,-1182.90,-867.06,-2624.37,609.06,681.20,1.12
2017,52,1042.95,555.86,-1735.12,416.53,422.22,1.01
2018,52,-3773.11,-4144.04,2057.87,788.73,826.10,1.05
2019,52,5156.25,4702.95,-1691.16,548.94,568.83,1.04
2020,53,-1222.63,-2178.57,1886.53,2443.30,2542.46,1.04
2021,52,561.00,343.70,-1886.67,1234.37,1310.71,1.06
2022,52,-4042.27,-3407.61,-2224.07,909.74,967.79,1.06
2023,52,2353.66,2387.02,-1750.99,375.00,391.12,1.04
2024,52,-3.71,132.64,-1398.67,416.99,462.79,1.11
2025,52,1245.95,947.18,232.29,697.33,770.17,1.10
2026,39,-308.13,-241.24,-768.25,395.83,427.59,1.08
