utilisation,lapse_rate,value_pct_av,gwb_over_av,model_equity_up_10pct,ratio_equity_up_10pct,model_equity_down_10pct,ratio_equity_down_10pct,model_rates_up_50bp,model_rates_down_50bp,model_rates_up_100bp,ratio_rates_up_100bp,model_rates_down_100bp,ratio_rates_down_100bp,mean_ratio,equity_ratio,rate_ratio,equity_over_rate,max_abs_log_ratio
1.0000,0.0000,-4.3125,0.9848,-1.1553,1.7352,1.7480,2.0580,-1.4171,1.6068,-2.6634,2.1129,3.4190,2.0768,1.9957,1.8966,2.0948,0.9054,0.7481
1.0000,0.0200,-4.4596,0.9848,-1.0735,1.6123,1.5993,1.8829,-1.2206,1.3915,-2.2884,1.8154,2.9692,1.8036,1.7785,1.7476,1.8095,0.9658,0.6328
1.0000,0.0400,-4.1292,0.9848,-1.0007,1.5030,1.4964,1.7617,-1.1180,1.2806,-2.0911,1.6589,2.7393,1.6639,1.6469,1.6323,1.6614,0.9825,0.5663
0.9000,0.0000,-7.3331,0.9848,-1.2382,1.8597,1.7072,2.0099,-1.1519,1.3191,-2.1525,1.7076,2.8225,1.7144,1.8229,1.9348,1.7110,1.1308,0.6981
0.9000,0.0200,-7.0901,0.9848,-1.1289,1.6956,1.5341,1.8062,-0.9786,1.1272,-1.8235,1.4466,2.4198,1.4698,1.6045,1.7509,1.4582,1.2007,0.5912
0.9000,0.0400,-6.5296,0.9848,-1.0346,1.5540,1.4071,1.6566,-0.8870,1.0275,-1.6483,1.3076,2.2120,1.3436,1.4654,1.6053,1.3256,1.2110,0.5048
0.8000,0.0000,-10.1185,0.9848,-1.3212,1.9843,1.6758,1.9730,-0.8973,1.0421,-1.6687,1.3238,2.2438,1.3629,1.6610,1.9787,1.3434,1.4729,0.6853
0.8000,0.0200,-9.4893,0.9848,-1.1857,1.7809,1.4810,1.7436,-0.7487,0.8763,-1.3876,1.1008,1.8936,1.1502,1.4439,1.7623,1.1255,1.5657,0.5771
0.8000,0.0400,-8.7005,0.9848,-1.0711,1.6088,1.3323,1.5685,-0.6690,0.7887,-1.2355,0.9801,1.7103,1.0389,1.2991,1.5887,1.0095,1.5737,0.4755
0.7000,0.0000,-12.6496,0.9848,-1.4062,2.1120,1.6575,1.9514,-0.6644,0.7820,-1.2261,0.9727,1.6957,1.0300,1.5165,2.0317,1.0013,2.0290,0.7476
0.7000,0.0200,-11.6425,0.9848,-1.2456,1.8708,1.4426,1.6984,-0.5410,0.6433,-0.9938,0.7884,1.4014,0.8513,1.3022,1.7846,0.8198,2.1768,0.6264
0.7000,0.0400,-10.6294,0.9848,-1.1119,1.6700,1.2742,1.5002,-0.4731,0.5681,-0.8649,0.6861,1.2435,0.7553,1.1529,1.5851,0.7207,2.1994,0.5129
0.6000,0.0000,-14.9174,0.9848,-1.4932,2.2427,1.6560,1.9496,-0.4555,0.5475,-0.8338,0.6615,1.2020,0.7301,1.3960,2.0962,0.6958,3.0127,0.8077
0.6000,0.0200,-13.5460,0.9848,-1.3079,1.9644,1.4221,1.6743,-0.3569,0.4355,-0.6486,0.5145,0.9630,0.5849,1.1845,1.8193,0.5497,3.3095,0.6752
0.6000,0.0400,-12.3146,0.9848,-1.1562,1.7365,1.2362,1.4554,-0.3006,0.3727,-0.5418,0.4298,0.8302,0.5043,1.0315,1.5960,0.4670,3.4172,0.8445
