policy_year,moneyness,gamma,gamma_per_unit,value,benefit_base,variance,zero_10y,std_error,rung
3.0,0.015300539855989101,-18.899689135088234,-0.15416559043049047,150.90564728977373,122.59343399725535,0.0,0.021378091912878466,0.03186042200217065,0
3.0,0.3671693372141407,-29.91033763323116,-0.2534774375697556,49.467932975081816,118.0,0.0,0.024407426980561666,0.15262636846592556,0
3.0,0.45863101163679687,-38.06018518332976,-0.3225439422316081,43.17758872965669,118.0,0.054412818994957854,0.02097464600226191,0.19200660823467394,0
3.0,0.5196607592061083,-35.355591725908646,-0.2876573448082112,37.916999462201645,122.9087049714693,0.008923282241433314,0.021774282649972464,0.2190191904717811,0
3.0,0.5664212646828342,-34.086537682030375,-0.26349943994095176,35.637189291649044,129.36094926679507,0.0,0.02063318617993202,0.24834371650483367,0
3.0,0.6048494002773976,-24.775307031018198,-0.17089577021797325,34.16503519965663,144.97320208345658,0.0,0.021358514418713944,0.2925791160111086,0
3.0,0.6373178016580381,-28.20530729971579,-0.23902802796369316,31.934879641346896,118.0,0.0022050141232597574,0.014015492087691565,0.25157749634750237,0
3.0,0.6658280088165427,-19.95800433558514,-0.16913562996258594,26.681676366399138,118.0,0.009043443118028148,0.017437344667720362,0.2579805062068912,0
3.0,0.6896443148892517,-17.37838859022673,-0.14727447957819265,26.30567260716905,118.0,0.0,0.015288208088422064,0.2646298494577563,0
3.0,0.7118261353504991,-7.6869402243552525,-0.06514356122334959,23.180191815795432,118.0,0.0,0.016886772632390384,0.2680467312468455,0
3.0,0.7326890408405183,23.566976941708614,0.1997201435738018,12.352656151452969,118.0,0.0,0.030371899368094528,0.2552151913118012,0
3.0,0.751280624752346,13.486970551200626,0.11429636060339514,19.093240052005243,118.0,0.003959623803304131,0.01811098809759359,0.2740121733271714,0
3.0,0.7692907001042427,26.436858350275113,0.18825534655301066,20.529963598109987,140.43085008919405,0.0,0.017572855411034396,0.328871288744567,0
3.0,0.7868576579277731,33.818348296399485,0.28659617200338544,17.022355862053665,118.0,0.01950743939682391,0.017306064422713527,0.2838352018567603,0
3.0,0.8042702767361922,57.493707442573324,0.466349015598721,17.841108643946594,123.2847192113404,0.09869279104142992,0.01566348041472469,0.30714407491523166,0
3.0,0.8888561201214928,161.17543518327042,1.307343166406341,12.415894853596285,123.2847192113404,0.09869279104142992,0.01566348041472469,0.316785732230089,1
3.0,0.9823379343118283,183.8205341999071,1.4910244787498228,8.60243541507868,123.2847192113404,0.09869279104142992,0.01566348041472469,0.3261361512713447,2
3.0,1.0856513167239386,106.81230314674258,0.8663872037834629,6.627181318560147,123.2847192113404,0.09869279104142992,0.01566348041472469,0.3405611786899423,3
3.0,1.1998302624138308,58.40178367511014,0.4737146991834007,5.72005025350904,123.2847192113404,0.09869279104142992,0.01566348041472469,0.361284544805009,4
3.0,1.3260175126468385,36.68645468391211,0.2975750354025829,5.396937025209034,123.2847192113404,0.09869279104142992,0.01566348041472469,0.38953903212758656,5
3.0,1.4654759918362934,23.393002415902227,0.18974778517198757,5.44068834374815,123.2847192113404,0.09869279104142992,0.01566348041472469,0.423892159774728,6
3.0,0.8215282247725019,45.23318418265844,0.3818534579445276,19.044821520018363,118.4569191179867,0.0,0.01094843259901265,0.29616410121410724,0
3.0,0.907929102396883,168.59976554133806,1.4233002748738346,13.298471496670835,118.4569191179867,0.0,0.01094843259901265,0.3065587986017875,1
3.0,1.0034168396435617,241.82393639325917,2.0414504968881992,9.238119128736688,118.4569191179867,0.0,0.01094843259901265,0.31574026808037836,2
3.0,1.10894710988144,119.33764636600156,1.0074350004590076,7.596006124735133,118.4569191179867,0.0,0.01094843259901265,0.33081581610637767,3
3.0,1.2255760955250072,57.453252027177356,0.4850138974993277,7.1472695843935945,118.4569191179867,0.0,0.01094843259901265,0.35385261140623536,4
3.0,1.3544710586629398,29.558736893601527,0.24953153529309777,7.273065564323829,118.4569191179867,0.0,0.01094843259901265,0.3833818642827035,5
3.0,1.4969220234094156,23.428580094260095,0.19778144044861165,7.6944489131900795,118.4569191179867,0.0,0.01094843259901265,0.41913759464582884,6
3.0,0.8378728358810028,73.49251060007907,0.6228178864413481,12.759307151764794,118.0,0.0,0.018261993876164756,0.2860181678762432,0
3.0,0.9259926912612544,207.09463559071,1.755039284667034,7.817663005289251,118.0,0.0,0.018261993876164756,0.2926688734254474,1
3.0,1.02338019273254,169.54193127369163,1.4367960277431495,4.946965214720809,118.0,0.0,0.018261993876164756,0.302100971303049,2
3.0,1.1310100271426546,72.9538482419631,0.6182529512030771,3.771686736889283,118.0,0.0,0.018261993876164756,0.31920764767701015,3
3.0,1.2499593900500108,37.409900192556826,0.31703305247929514,3.325946741477388,118.0,0.0,0.018261993876164756,0.34303753860794145,4
3.0,1.3814187666588469,19.704549643623178,0.16698770884426423,3.2543057479910615,118.0,0.0,0.018261993876164756,0.37338344117203875,5
3.0,1.5267038465952867,14.45531254890113,0.1225026487195011,3.379710250940967,118.0,0.0,0.018261993876164756,0.40888173977981085,6
3.0,0.8537121571834018,124.67104108145965,0.9256336470530762,18.176200062952393,134.6872399014153,0.1971945865079918,0.013225352311239806,0.35127455173461347,0
3.0,0.9434978485267218,186.43369185350377,1.3841971369371326,13.290159723003125,134.6872399014153,0.1971945865079918,0.013225352311239806,0.3639784668651952,1
3.0,1.0427263834586753,142.86548517144445,1.0607202677552472,10.268456301588895,134.6872399014153,0.1971945865079918,0.013225352311239806,0.37834947717716794,2
3.0,1.1523908745087241,91.80923206101176,0.681647586870232,8.67540773188911,134.6872399014153,0.1971945865079918,0.013225352311239806,0.3980967842359384,3
3.0,1.273588880762805,51.62142521550876,0.3832688623903289,8.000451482799441,134.6872399014153,0.1971945865079918,0.013225352311239806,0.42551000061433397,4
3.0,1.4075333926035658,38.36043260604142,0.28481118652456944,7.841709485864861,134.6872399014153,0.1971945865079918,0.013225352311239806,0.46035331723761624,5
3.0,1.5555649717258138,27.61599733703263,0.2050379631897293,8.066571814990695,134.6872399014153,0.1971945865079918,0.013225352311239806,0.5021849541446156,6
3.0,0.8701232262337615,128.648077772754,1.0902379472267287,8.877483342259247,118.0,0.0,0.021272844474782525,0.2826960620205403,0
3.0,0.9616348847757107,210.31465156616238,1.7823275556454439,4.866162161608418,118.0,0.0,0.021272844474782525,0.2889615427706154,1
3.0,1.0627709084611416,106.24144332117423,0.9003512145862222,2.9579874966192143,118.0,0.0,0.021272844474782525,0.3014489911386937,2
3.0,1.1745435006080902,48.89976502117754,0.4144047883150639,2.112227264841753,118.0,0.0,0.021272844474782525,0.32126309687127,3
3.0,1.2980713188868278,24.27807783148985,0.20574642230076143,1.7554646832760668,118.0,0.0,0.021272844474782525,0.3472426383798481,4
3.0,1.4345906712218224,15.737184215505803,0.13336596792801528,1.6414828800252792,118.0,0.0,0.021272844474782525,0.37930357451723057,5
3.0,1.5854678891769811,8.759217741670254,0.07423065882771401,1.6848729189295497,118.0,0.0,0.021272844474782525,0.41621400144393983,6
3.0,0.8879857804669276,143.51440022179423,1.14046691880933,12.204140562666119,125.83828417542011,0.0,0.0155434388505037,0.31453916513022667,0
3.0,0.9813760602367548,247.0853181102995,1.9635146786160842,7.730700648351441,125.83828417542011,0.0,0.0155434388505037,0.32259189184967807,1
3.0,1.0845882814693164,129.7677460086447,1.0312262826767955,5.728113915139758,125.83828417542011,0.0,0.0155434388505037,0.33667256472367696,2
3.0,1.1986554267655334,59.75533512960992,0.47485815243880986,5.023204642014523,125.83828417542011,0.0,0.0155434388505037,0.35931747934226416,3
3.0,1.3247191184548217,29.55754883594998,0.23488518640914074,4.915848720185387,125.83828417542011,0.0,0.0155434388505037,0.3888190795756942,4
3.0,1.464041044335078,20.888515797079773,0.16599491906581407,5.104068286715751,125.83828417542011,0.0,0.0155434388505037,0.42499440787496323,5
3.0,0.9067318262751786,194.90737229289894,1.541998582439041,7.059669533342923,126.39919031871361,0.0,0.021619440617274728,0.30365309301190074,0
3.0,1.0020936448929478,182.59288016219944,1.4445731788454839,3.8269055242850243,126.39919031871361,0.0,0.021619440617274728,0.3120980165766491,1
3.0,1.107484753524111,78.56815581886563,0.6215874929321719,2.42007031684912,126.39919031871361,0.0,0.021619440617274728,0.32882222146909984,2
3.0,1.2239599418070242,40.001866838311166,0.31647249272283373,1.7989166676018726,126.39919031871361,0.0,0.021619440617274728,0.3527854788234135,3
3.0,1.352684932574685,18.546942767468263,0.1467330820767319,1.5777816867377368,126.39919031871361,0.0,0.021619440617274728,0.3838072570456469,4
3.0,1.4949480488006603,12.733116286370459,0.10073732477450292,1.5421161335482836,126.39919031871361,0.0,0.021619440617274728,0.42038567695458845,5
3.0,0.9275224503280806,160.5449724121495,1.2370686822871793,3.4757028644658448,129.77854399751087,0.09710256662878954,0.02884136112774111,0.30704000792183334,0
3.0,1.0250708379648592,97.12970566084314,0.7484265323758454,1.1496549491238177,129.77854399751087,0.09710256662878954,0.02884136112774111,0.31868128983292077,1
3.0,1.1328784790861968,50.60383983597915,0.3899245459014375,-0.20509590960977775,129.77854399751087,0.09710256662878954,0.02884136112774111,0.336502953589285,2
3.0,1.2520243487998355,27.8767771406418,0.21480266523237054,-1.0538083699835816,129.77854399751087,0.09710256662878954,0.02884136112774111,0.36139358644467895,3
3.0,1.383700899016179,14.669061349199449,0.11303148345909012,-1.6237530589509674,129.77854399751087,0.09710256662878954,0.02884136112774111,0.39267635277810425,4
3.0,1.5292259929078096,9.783735905289602,0.07538793088538004,-2.0470071344263587,129.77854399751087,0.09710256662878954,0.02884136112774111,0.42959135574634744,5
3.0,0.9433962264150942,219.98638577917185,1.4152998360249023,3.614537297089779,155.43447415145548,0.041908901006347456,0.02757302412277743,0.3630899863484329,0
3.0,1.0426140736562712,126.62782347839358,0.8146701313828703,0.9639557693042065,155.43447415145548,0.041908901006347456,0.02757302412277743,0.3774224891912523,1
3.0,1.1522667529812922,60.35898640299136,0.3883243195082805,-0.4203475236974299,155.43447415145548,0.041908901006347456,0.02757302412277743,0.40087974782843944,2
3.0,1.2734517052603802,28.127154850142936,0.1809582784237158,-1.2010609526691525,155.43447415145548,0.041908901006347456,0.02757302412277743,0.43336531592532007,3
3.0,1.4073817902276133,15.74758101386919,0.10131330967494853,-1.7005028331394456,155.43447415145548,0.041908901006347456,0.02757302412277743,0.4733797130280593,4
3.0,1.5553974251888,9.361353181154184,0.06022700711833383,-2.042468903471047,155.43447415145548,0.041908901006347456,0.02757302412277743,0.5197599304638401,5
3.0,0.9433962264150944,201.5255583191372,1.5042887940564846,6.345985074742295,133.96733334408532,0.06175239471437029,0.02261995834007561,0.32863866572419165,0
3.0,1.0426140736562715,132.73558087117505,0.9908055759403182,3.711332602854231,133.96733334408532,0.06175239471437029,0.02261995834007561,0.340446943587146,1
3.0,1.1522667529812924,63.556018370738684,0.4744142977564515,2.404035939677918,133.96733334408532,0.06175239471437029,0.02261995834007561,0.3600589658106606,2
3.0,1.2734517052603804,35.01564573098221,0.2613745071796501,1.732299460208992,133.96733334408532,0.06175239471437029,0.02261995834007561,0.38737772559921785,3
3.0,1.4073817902276136,20.8415236811426,0.15557168423747503,1.4107194380498882,133.96733334408532,0.06175239471437029,0.02261995834007561,0.42187269602204386,4
3.0,1.5553974251888003,14.161440316374293,0.10570816006318247,1.2975546527022104,133.96733334408532,0.06175239471437029,0.02261995834007561,0.4626126680352015,5
3.0,0.9490148099371523,189.6985795452572,1.5713911264968272,2.6973456399364117,120.72015448385581,0.0,0.026785808849327804,0.2828224576249767,0
3.0,1.0488235687656289,94.88399998570677,0.7859830894964256,0.7908008248075049,120.72015448385581,0.0,0.026785808849327804,0.29478546218510365,1
3.0,1.159129306392087,44.216693622595564,0.36627432934994103,-0.16690399046433413,120.72015448385581,0.0,0.026785808849327804,0.3141044538543828,2
3.0,1.2810359997137317,18.946013250576495,0.15694159216065443,-0.6824418695102175,120.72015448385581,0.0,0.026785808849327804,0.3398603107363734,3
3.0,1.41576373189158,11.406272030662377,0.0944852338818682,-1.0085196160503358,120.72015448385581,0.0,0.026785808849327804,0.3712169098056537,4
3.0,1.5646609033528223,6.034564616702908,0.049988045844572906,-1.2205346422838304,120.72015448385581,0.0,0.026785808849327804,0.407379973629023,5
4.0,0.00389517193545932,-0.49171292631626773,-0.003816846874327352,158.5055797945095,128.82699843779375,0.0,0.02144166655147979,0.026028296619630253,0
4.0,0.28527453481092385,-34.97775499214696,-0.26651813395082324,68.97015464404478,131.2396814192047,0.0,0.01662528366739442,0.11074773079065295,0
4.0,0.37625911443131066,-30.677519565258386,-0.24739935133272892,44.1812893908337,124.0,0.0,0.030717795259040365,0.13825077935591318,0
4.0,0.43805780215987783,-36.99475082116307,-0.298344764686799,44.210774530626125,124.0,0.0,0.022304458194388553,0.16353108646400283,0
4.0,0.4851128467023987,-41.95175271288462,-0.3383205863942308,40.32182854884789,124.0,0.0,0.021118488741230148,0.18315164858881952,0
4.0,0.5230236339208897,-40.5449578804081,-0.3269754667774847,33.883920485741825,124.0,0.0,0.02449475716725379,0.19747916785031308,0
4.0,0.5573782765341415,-32.29081848006529,-0.22464648406448787,35.185622299622,143.74059142094458,0.16670495778315253,0.02446472575737708,0.26199448008985887,0
4.0,0.5866936541527675,-26.457352940298758,-0.21336574951853837,29.596666658143718,124.0,0.12425880216623356,0.02208317350432014,0.23113841608565358,0
4.0,0.6131984990670178,-26.95725870989207,-0.20754249823328955,32.36048752244849,129.88789736736513,0.0,0.016583588470955004,0.24132873869626192,0
4.0,0.63742227399993,-3.932321099767221,-0.03096091235044085,23.478361630916655,127.00921262455074,0.27312875511500795,0.025181247260526996,0.25738024950124655,0
4.0,0.6621616199130432,8.434684134655155,0.055702415649922433,26.440426475449318,151.42402777763374,0.3778731082053197,0.0239406248750503,0.3205226593522469,0
4.0,0.6837342598926658,-10.741908959877831,-0.0866282980635309,22.91114024114437,124.0,0.0049210149919668485,0.01882778347173444,0.24964405402591797,0
4.0,0.7048545245180371,10.530015646890332,0.08200854967909665,17.932921962974792,128.40143726592876,0.04440764934857391,0.024216150911899565,0.26217693057287383,0
4.0,0.7256555720881022,10.693798667829311,0.08624031183733315,17.408652615695196,124.0,0.0368923743183949,0.02171914375958615,0.2604821405317997,0
4.0,0.7475223662746739,18.719962267018882,0.13694325987908332,17.99965478200355,136.69867566719262,0.0,0.019787483633257552,0.28718480413565717,0
4.0,0.7681018241998648,43.27961906985464,0.34902918604721483,11.882579536207736,124.0,0.1067541117191015,0.02570519129868343,0.2661871351338311,0
4.0,0.7888384458030179,31.963843993765543,0.2577729354335931,13.78118517525235,124.0,0.0029904806189903032,0.019486117053556892,0.268285046202747,0
4.0,0.8101494734003427,71.62317034821262,0.5776062124855856,9.05446286084089,124.0,0.09951447230040589,0.025649801824378232,0.2691066637774415,0
4.0,0.8953536372963593,142.45696867137204,1.1488465215433228,4.357773636745673,124.0,0.09951447230040589,0.025649801824378232,0.2746924391377021,1
4.0,0.9895188013331877,133.68391726736914,1.0780961069949124,1.0856540993641772,124.0,0.09951447230040589,0.025649801824378232,0.2813618845190472,2
4.0,1.0935874021225136,72.27513987927095,0.5828640312844432,-0.8496262653436268,124.0,0.09951447230040589,0.025649801824378232,0.29440133981901845,3
4.0,1.2086009931997006,36.22946732035181,0.29217312355122427,-2.0621552312587212,124.0,0.09951447230040589,0.025649801824378232,0.3136187872691532,4
4.0,1.3357106692416527,18.960188353128512,0.15290474478329444,-2.9123895239702975,124.0,0.09951447230040589,0.025649801824378232,0.3386156762435283,5
4.0,1.476188586609235,8.383725347079716,0.06761068828290094,-3.5730219331505886,124.0,0.09951447230040589,0.025649801824378232,0.36845876557517654,6
4.0,0.8294297233221007,69.11997971353755,0.5389053917690724,8.736299075146452,128.25995206066952,0.0,0.02345818403740156,0.27452948506761,0
4.0,0.9166616088031165,186.82001185024288,1.4565732237438642,3.599147726720208,128.25995206066952,0.0,0.02345818403740156,0.2788775176166147,1
4.0,1.0130677517656403,168.68302884561177,1.3151652260545157,0.3301964967963933,128.25995206066952,0.0,0.02345818403740156,0.28657576142547503,2
4.0,1.1196130172916652,67.8242849936815,0.5288032928750765,-1.2519244446713031,128.25995206066952,0.0,0.02345818403740156,0.30311191998397674,3
4.0,1.2373637462096754,30.940483576459236,0.24123261454069286,-2.1558025362021844,128.25995206066952,0.0,0.02345818403740156,0.3260853955474559,4
4.0,1.3674984273920696,13.748264333193202,0.10719062429315425,-2.7502757919684733,128.25995206066952,0.0,0.02345818403740156,0.35457968756654223,5
4.0,1.511319492467898,6.465993603179853,0.0504131921094225,-3.20726640440283,128.25995206066952,0.0,0.02345818403740156,0.3880212890420752,6
4.0,0.8507170163876252,101.75764039230833,0.820626132196035,5.006543947729018,124.0,0.0,0.027233426121217968,0.2593812836711401,0
4.0,0.9401877060236876,188.21770551473196,1.5178847218929996,0.7400856772077979,124.0,0.0,0.027233426121217968,0.26320261654669497,1
4.0,1.0390681102296357,110.89443932735105,0.8943099945754117,-1.6441955381661018,124.0,0.0,0.027233426121217968,0.27276904193728413,2
4.0,1.148347857325615,42.65209091741652,0.3439684751404558,-2.9195323602664907,124.0,0.0,0.027233426121217968,0.2907227574958704,3
4.0,1.2691206557507526,19.811547168535167,0.1597705416817352,-3.7683482731927143,124.0,0.0,0.027233426121217968,0.31410794118230645,4
4.0,1.4025952402648272,7.758103880139798,0.06256535387209514,-4.419048714433586,124.0,0.0,0.027233426121217968,0.3423343864234622,5
4.0,1.5501074693720127,2.8852459261678116,0.02326811230780493,-4.99216811687306,124.0,0.0,0.027233426121217968,0.37528521261576997,6
4.0,0.8741807664330202,122.70469369657346,0.9895539814239795,7.095911653560854,124.0,0.0,0.020893317927228795,0.2726131702488141,0
4.0,0.9661191602028544,211.80697406662534,1.7081207586018172,2.7325020699985387,124.0,0.0,0.020893317927228795,0.277843374568653,1
4.0,1.0677267992518622,115.67738016666344,0.9328820981182535,0.4871622271024769,124.0,0.0,0.020893317927228795,0.28956007268051265,2
4.0,1.1800206069831531,44.63575879489773,0.35996579673304624,-0.6014038141269502,124.0,0.0,0.020893317927228795,0.3094513718855887,3
4.0,1.3041244575677544,23.88716236151289,0.19263840614123298,-1.2436122674074,124.0,0.0,0.020893317927228795,0.33458822863666626,4
4.0,1.4412804240550612,10.451612936115138,0.08428720109770273,-1.6469490970727207,124.0,0.0,0.020893317927228795,0.365041789807265,5
4.0,1.5928612094573906,6.975684413591663,0.0562555194644489,-1.9457697973768902,124.0,0.0,0.020893317927228795,0.40030867984221785,6
4.0,0.8994728461164785,212.72048915631527,1.2702671818623177,6.470037569449339,167.46121776085664,0.0,0.02139430037981945,0.3630433111054016,0
4.0,0.9940712311266643,258.34878544174694,1.5427380076184714,1.6203223348704299,167.46121776085664,0.0,0.02139430037981945,0.3712815124044748,1
4.0,1.098618615136845,113.2482972883636,0.6762658172597794,-0.6459050452910091,167.46121776085664,0.0,0.02139430037981945,0.3915138268337557,2
4.0,1.2141613435057834,45.987315118555465,0.2746147181625524,-1.7796494525688118,167.46121776085664,0.0,0.02139430037981945,0.42123534345421637,3
4.0,1.3418558066942483,22.70861480913808,0.1356052172125439,-2.4535207086610598,167.46121776085664,0.0,0.02139430037981945,0.4580393150824603,4
4.0,1.4829800138094213,8.94436728626715,0.05341157436846168,-2.900305816661927,167.46121776085664,0.0,0.02139430037981945,0.5016679934956064,5
4.0,0.9298887811629197,197.79162207933499,1.59509372644625,9.674651461138318,124.0,0.0,0.011299510573165288,0.29472388658023,0
4.0,1.027686037986069,224.62422125394846,1.811485655273778,5.822956035725145,124.0,0.0,0.011299510573165288,0.3030621041568827,1
4.0,1.1357687220945887,99.87630443725094,0.8054540680423463,4.217502822851458,124.0,0.0,0.011299510573165288,0.31977548081309226,2
4.0,1.2552185613188818,45.04991723178761,0.36330578412731945,3.61081265435028,124.0,0.0,0.011299510573165288,0.3438177972760505,3
4.0,1.3872310497983822,25.68545019520094,0.20714072738065273,3.454621658166978,124.0,0.0,0.011299510573165288,0.37321758461111754,4
4.0,1.5331274128887225,15.151965497349092,0.12219327013991203,3.555285163935686,124.0,0.0,0.011299510573165288,0.4081948052474621,5
4.0,0.9433962264150944,202.87976489112114,1.619353618315628,2.763313381807013,125.28441138270138,0.0,0.023190954366036215,0.27601877447060785,0
4.0,1.0426140736562715,139.94155874625454,1.1169909903537842,0.01939491171214769,125.28441138270138,0.0,0.023190954366036215,0.2851252605263927,1
4.0,1.1522667529812924,54.35081763307074,0.43381947548963157,-1.3251079709201719,125.28441138270138,0.0,0.023190954366036215,0.3032424635392838,2
4.0,1.2734517052603804,26.196434257192887,0.2090957204338189,-2.126102677221784,125.28441138270138,0.0,0.023190954366036215,0.32709338196938703,3
4.0,1.4073817902276136,11.652605694603933,0.09300922250422022,-2.665133040951467,125.28441138270138,0.0,0.023190954366036215,0.35614680739440935,4
4.0,1.5553974251888003,6.115126540377246,0.04880995546762485,-3.087637347735111,125.28441138270138,0.0,0.023190954366036215,0.3902381141599989,5
4.0,0.9514185528578224,165.01127133258353,1.3307360591337383,3.5099137358423818,124.0,0.08767652605639106,0.02239393136057329,0.28427089483637047,0
4.0,1.0514801155360838,111.01884148521248,0.8953132377839715,0.9922773887596321,124.0,0.08767652605639106,0.02239393136057329,0.2946318729425432,1
4.0,1.1620652446253017,52.85191722720163,0.4262251389290454,-0.41517054347099247,124.0,0.08767652605639106,0.02239393136057329,0.3115970741377361,2
4.0,1.2842807132663467,27.03866141942228,0.2180537211243732,-1.2940993034296007,124.0,0.08767652605639106,0.02239393136057329,0.33493834685714563,3
4.0,1.4193496949474158,15.417034034178908,0.12433091963047506,-1.902641449193986,124.0,0.08767652605639106,0.02239393136057329,0.3633133188431577,4
4.0,1.5686240054354261,7.334365631977134,0.05914810993529947,-2.3570132546165823,124.0,0.08767652605639106,0.02239393136057329,0.39689976412036065,5
5.0,0.001278197678361722,-0.16292041823646738,-0.0012532339864343644,177.2878294444099,130.0,0.048681359080880594,0.013169810726981791,0.025639949465422026,0
5.0,0.23173507111707767,-20.913981836676495,-0.15083764868114663,70.7093160779895,138.6522663243461,0.0,0.024401279411739148,0.07807877040222924,0
5.0,0.3112648917481672,-29.85032372797746,-0.22961787483059584,60.49558672055389,130.0,0.0,0.02010683189679821,0.10255171445430063,0
5.0,0.3695617653370287,-35.84813448842893,-0.24605417963976875,56.11376121773074,145.69203636740394,0.4806298768732232,0.02458787829267089,0.18012862911422903,0
5.0,0.41612564875917013,-40.742972979271734,-0.29245526353883927,55.190511040928364,139.31352264364665,0.0,0.01620693192258723,0.155441192864305,0
5.0,0.4528865321059099,-35.739232132291214,-0.27491717024839396,52.22654005623329,130.0,0.0,0.010824943784492315,0.15866005927120164,0
5.0,0.4886571995014866,-44.80677797663687,-0.332887610433278,47.47474986439035,134.60031726118467,0.01722376636499045,0.013587518043442794,0.18349377000510342,0
5.0,0.518791243677469,-40.27976213989674,-0.30984432415305185,37.649477601133086,130.0,0.0,0.02000808405606533,0.1849717369321038,0
5.0,0.5469057782482156,-39.806684692199205,-0.3062052668630708,34.79339135645743,130.0,0.0,0.019906587448143154,0.1960729106381961,0
5.0,0.572932441714854,-37.318726679524154,-0.27405420082382276,33.4298633981724,136.17279562707634,0.0,0.019839130564148075,0.21596585373313398,0
5.0,0.5967129119795829,-22.40642835662818,-0.17116028316501106,24.45221841297946,130.90904000799497,0.0,0.027325843752389736,0.21285832277278036,0
5.0,0.6206796735217578,-27.178227556306208,-0.19374622789758925,32.55755377379172,140.27745392117842,0.0,0.015580450574770349,0.24156683737901463,0
5.0,0.6446975804426778,-23.57660064418567,-0.17987995545729435,27.0317086247034,131.06852614149685,0.0,0.017372838995731443,0.23227682966198365,0
5.0,0.6686613333187362,0.9037809903976066,0.006747549889778058,18.190211089881956,133.9420982669213,0.0,0.02700223175574623,0.2369657092481806,0
5.0,0.6923634150277426,9.014748076396726,0.0693442159722825,16.100511843970718,130.0,0.011237068701735173,0.02645386343603547,0.23714995970741234,0
5.0,0.7155269825123641,-0.9925846351581666,-0.00763526642429359,21.481006634381554,130.0,0.0,0.015617492031237022,0.2501291932873485,0
5.0,0.7389406098884264,16.26443595218667,0.10940624244378151,19.242043203560172,148.66095013311661,0.039588877513583635,0.018574868548075187,0.29304474896212723,0
5.0,0.7629243203244475,27.16465557387728,0.20895888902982523,11.628870549826875,130.0,0.08821294040663527,0.024908796061845446,0.26004513989458017,0
5.0,0.7874623599703909,43.218366556975944,0.2315300282783723,17.93204350892421,186.66419590729632,0.15373653583556532,0.019657226462287777,0.3908130417446934,0
5.0,0.8112174621585512,37.20911676578282,0.2648863871246065,11.132788832908616,140.47198563012262,0.0822842706618692,0.02063692221303397,0.2920524552143574,0
5.0,0.896533947412763,101.25010798714519,0.7207850557031867,5.092314796651646,140.47198563012262,0.0822842706618692,0.02063692221303397,0.29833887077222393,1
5.0,0.9908232457481476,165.06841304401365,1.1750984532863087,0.06434184026612755,140.47198563012262,0.0822842706618692,0.02063692221303397,0.3025281022847869,2
5.0,1.0950290361541735,124.47792865897289,0.8861405930911822,-3.312946985679254,140.47198563012262,0.0822842706618692,0.02063692221303397,0.30951581821726876,3
5.0,1.2101942452059993,61.804583417022116,0.4399780008788373,-5.445456525034906,140.47198563012262,0.0822842706618692,0.02063692221303397,0.3237791318865009,4
5.0,1.3374714850241796,24.53532869111825,0.1746635002065275,-6.959920230220337,140.47198563012262,0.0822842706618692,0.02063692221303397,0.34581997553039984,5
5.0,1.4781345890041724,12.743646938511686,0.09072020219082712,-8.229030648494586,140.47198563012262,0.0822842706618692,0.02063692221303397,0.37440498633563835,6
5.0,0.8392275850569779,59.64184941443412,0.4193143819395226,6.183886782332259,142.2365937904706,0.05696960028452312,0.02514571225013999,0.2851015896985517,0
5.0,0.927489920651829,127.85758818429397,0.8989078322041484,0.6822404487673914,142.2365937904706,0.05696960028452312,0.02514571225013999,0.2882461254005882,1
5.0,1.0250348871126913,160.82464971327286,1.1306840625710175,-3.540830002954536,142.2365937904706,0.05696960028452312,0.02514571225013999,0.2917082571518735,2
5.0,1.132838747249901,82.92840336411052,0.5830314207767991,-6.155653957543734,142.2365937904706,0.05696960028452312,0.02514571225013999,0.3026768163163841,3
5.0,1.2519804383298396,36.00202420689484,0.2531136555472468,-7.941193878491827,142.2365937904706,0.05696960028452312,0.02514571225013999,0.32095760543092106,4
5.0,1.3836523704417405,12.232749750642567,0.08600283109044841,-9.366713557370971,142.2365937904706,0.05696960028452312,0.02514571225013999,0.3461762942557126,5
5.0,1.5291723605386445,1.5465903742882146,0.01087336481472907,-10.66990573874369,142.2365937904706,0.05696960028452312,0.02514571225013999,0.377973598099991,6
5.0,0.8705073725671699,63.98056013354497,0.4424178176233359,6.7702247245021745,144.61569490407936,0.0,0.020165628778886,0.29390089203652775,0
5.0,0.9620594321316791,165.61802808153305,1.1452285880269366,0.9124870974765926,144.61569490407936,0.0,0.020165628778886,0.2975552771902202,1
5.0,1.063240105852304,188.94637649525978,1.3065412894539838,-3.2890702487336583,144.61569490407936,0.0,0.020165628778886,0.3028185708332056,2
5.0,1.1750620439196395,82.14022229358412,0.5679896801523932,-5.601163829991311,144.61569490407936,0.0,0.020165628778886,0.3170800664078261,3
5.0,1.298644397874515,30.560194881209306,0.21132004310790237,-7.091855188313122,144.61569490407936,0.0,0.020165628778886,0.339777938465504,4
5.0,1.4352240214527743,10.580668811495284,0.07316404224668163,-8.27694459782284,144.61569490407936,0.0,0.020165628778886,0.3698540246826101,5
5.0,1.5861678494331857,0.6246349196281641,0.004319274751211973,-9.356227319217606,144.61569490407936,0.0,0.020165628778886,0.40571408307076695,6
5.0,0.9067391505548107,113.39271812516711,0.7383032120113571,6.026561854692034,153.58556793522771,0.22312196189251282,0.02041295080364316,0.3373700477978228,0
5.0,1.002101739473793,149.6534879757387,0.9743981155758898,1.0181662788218553,153.58556793522771,0.22312196189251282,0.02041295080364316,0.3437430515750291,1
5.0,1.1074936994194553,101.43535680977499,0.6604484924817529,-2.4936944172909357,153.58556793522771,0.22312196189251282,0.02041295080364316,0.35419994164694407,2
5.0,1.2239698285503948,63.00615327314779,0.41023485552835043,-4.991201545305977,153.58556793522771,0.22312196189251282,0.02041295080364316,0.3702453312054863,3
5.0,1.3526958591159328,33.73073963208099,0.21962180487105662,-6.8586471405895395,153.58556793522771,0.22312196189251282,0.02041295080364316,0.3938743021782791,4
5.0,1.4949601244962822,13.899263414661075,0.09049849931552728,-8.388785339552292,153.58556793522771,0.22312196189251282,0.02041295080364316,0.4250339156865558,5
5.0,0.9433962264150942,142.9474632311443,1.0131340270872513,-1.0663223126525132,141.09432652471125,0.0,0.02627057508075481,0.2762818082417354,0
5.0,1.0426140736562712,163.18568156604908,1.156571533281806,-4.977592270319896,141.09432652471125,0.0,0.02627057508075481,0.28025030026314224,1
5.0,1.1522667529812922,69.96818649550745,0.49589652694683817,-7.257005412326787,141.09432652471125,0.0,0.02627057508075481,0.29293042329277585,2
5.0,1.2734517052603802,25.181426135156922,0.17847227989529862,-8.836736689378604,141.09432652471125,0.0,0.02627057508075481,0.3135482974169631,3
5.0,1.4073817902276133,6.468925438916883,0.04584823215966743,-10.164653705078852,141.09432652471125,0.0,0.02627057508075481,0.34111202890801634,4
5.0,1.5553974251888,-2.240374467456973,-0.01587855814361603,-11.42788146638993,141.09432652471125,0.0,0.02627057508075481,0.37400688704016494,5
5.0,0.9530814579174132,166.48263792370767,1.0528855636110295,-1.707237739409397,158.12035388986664,0.016031365849813056,0.026119709485371807,0.31019551620569635,0
5.0,1.0533179098474643,167.23876571482063,1.057667539950645,-5.82703314873045,158.12035388986664,0.016031365849813056,0.026119709485371807,0.31569452091336997,1
5.0,1.1640963214516442,71.05959954450574,0.44940197638312834,-8.274440900903297,158.12035388986664,0.016031365849813056,0.026119709485371807,0.3307302180036061,2
5.0,1.286525400307198,27.35465048303993,0.1729989201902045,-10.011252657631086,158.12035388986664,0.016031365849813056,0.026119709485371807,0.35477878406371177,3
5.0,1.421830457785146,6.431147722217644,0.04067248500276594,-11.474517909528476,158.12035388986664,0.016031365849813056,0.026119709485371807,0.38642584593120044,4
5.0,1.5713656723783282,-3.6472248758546035,-0.023066131501292705,-12.87347168420369,158.12035388986664,0.016031365849813056,0.026119709485371807,0.4242452638191992,5
6.0,0.0010009647821617772,-0.12699071602071396,-0.0009768516616977998,89.95517816762687,130.0,0.0,0.027523659661769773,0.008399112178332209,0
6.0,0.1447778299559192,-43.117911803726365,-0.33167624464404893,70.64958646553319,130.0,0.0,0.027928527547404516,0.04732788403161345,0
6.0,0.2199979411776602,-23.718960339213876,-0.18245354107087597,61.34619594845561,130.0,0.0,0.02788168439515102,0.06906103856223748,0
6.0,0.2730955792662057,-22.700410251314903,-0.16399378167650197,62.89240432552841,138.42238418584841,0.026227825045933604,0.022279210488458143,0.09776049172955306,0
6.0,0.3192781582095328,-39.66437430196023,-0.3051105715535402,54.85648652240751,130.0,0.0,0.021116794155648,0.10782475785707195,0
6.0,0.3592373682060047,-31.902857684173817,-0.24540659757056782,50.656194193307414,130.0,0.0,0.020672614364284903,0.1230723453706513,0
6.0,0.3944230739443748,-30.282320692439406,-0.23294092840338004,45.79165284594251,130.0,0.0,0.021959741729076176,0.13719113390670487,0
6.0,0.4257653579796888,-36.893448749687245,-0.2837957596129788,37.16886277038563,130.0,0.0,0.02932959361794724,0.14993998089872615,0
6.0,0.4548972652859749,-30.465309881914486,-0.23434853755318835,32.803412245746415,130.0,0.0,0.03126077466873702,0.16094537687168234,0
6.0,0.48158609953608217,-37.57055528466821,-0.270053529352591,41.27045778612643,139.12262274348885,0.0,0.018809761547854114,0.18475435801344628,0
6.0,0.508047675576498,-35.913539429137124,-0.2522376851121294,40.61509154038342,142.37975349786518,0.021189709696504917,0.016942622700861363,0.20379892467448307,0
6.0,0.5348827324481079,-32.27573230130431,-0.248274863856187,28.46040328199333,130.0,0.0,0.02573157218774319,0.18992938004322593,0
6.0,0.5621935286292856,-29.590621059668358,-0.21897614135472399,31.14908294174591,135.13171287338514,0.00020534434092988485,0.01946605586427793,0.20899861908736736,0
6.0,0.5884034681400085,-23.046311125217752,-0.17339940690322506,28.717160831924467,132.90882325843245,0.016707875153592306,0.018580122755383177,0.2171511254672703,0
6.0,0.6135786895169282,-19.224807297293008,-0.14788313305610007,25.943441218102134,130.0,0.02403861295632669,0.018403499646636155,0.22060228614138494,0
6.0,0.6394596147016911,-15.741193853358478,-0.10293008306245631,30.953836583259662,152.9309351067654,0.04702422629794996,0.01365678817594258,0.27502756557681857,0
6.0,0.6654103154597019,4.556264088302696,0.030590069496434245,16.6887946875076,148.9458560672378,0.0,0.028036185870379465,0.2528096167719031,0
6.0,0.695017359287257,13.776457734504529,0.1041400553852696,13.476527001973011,132.2877895881471,0.0,0.026789369141341664,0.23175286355706903,0
6.0,0.7224356082111625,16.524589992977564,0.12463839674026327,12.150418733387866,132.58025155292654,0.0,0.025374035501065623,0.23813656883296855,0
6.0,0.7535634941503121,21.534739199709914,0.1626567476515266,13.527043230315918,132.39376484918793,0.11702840895879436,0.020119870477648197,0.2594044323766001,0
6.0,0.7876366389418454,37.761681008000984,0.29047446929231524,5.9773715901844575,130.0,0.051690176491516734,0.028241066122783886,0.2426562913041027,0
6.0,0.8238659597289814,63.89794312042659,0.4188340031454738,1.3267853688063909,152.56149844699425,0.0976021827690275,0.034330358113184564,0.27391378796972055,0
6.0,0.9105126990849529,103.75043079929752,0.6800564484186973,-3.523522814528256,152.56149844699425,0.0976021827690275,0.034330358113184564,0.275116527612586,1
6.0,1.0062721555672534,114.24526173414937,0.7488472707538499,-7.336326689869928,152.56149844699425,0.0976021827690275,0.034330358113184564,0.27827070461565595,2
6.0,1.1121027220022222,57.269510130265274,0.37538638983781947,-10.006677947870106,152.56149844699425,0.0976021827690275,0.034330358113184564,0.2885129024284506,3
6.0,1.2290635862696226,23.414187392215165,0.15347376389561457,-12.10433410456763,152.56149844699425,0.0976021827690275,0.034330358113184564,0.3055485482451949,4
6.0,1.3583253320109467,5.726460723916204,0.037535425269212316,-13.967848387343004,152.56149844699425,0.0976021827690275,0.034330358113184564,0.3286271468837213,5
6.0,1.501181654223947,-4.8266585416453,-0.03163746155339624,-15.774098062879215,152.56149844699425,0.0976021827690275,0.034330358113184564,0.35730062031337473,6
6.0,0.8651535848854234,92.30041298729466,0.4654874849029614,1.406585862144233,198.28763603931526,0.0,0.02741953703108349,0.3591948528290693,0
6.0,0.9561425816842611,192.70656280793364,0.9718536498651129,-5.308408267617292,198.28763603931526,0.0,0.02741953703108349,0.35928665376219343,1
6.0,1.0567009748112148,189.3121164390354,0.9547348499404157,-10.09633676929948,198.28763603931526,0.0,0.02741953703108349,0.3647581445693378,2
6.0,1.1678351864635421,70.26335134536693,0.3543506430801139,-12.991144106591314,198.28763603931526,0.0,0.02741953703108349,0.3847755729628372,3
6.0,1.290657485184958,20.713685067144635,0.1044628171523395,-15.183317930429478,198.28763603931526,0.0,0.02741953703108349,0.41434888577019846,4
6.0,1.4263971178230666,1.659394983287754,0.008368625580662726,-17.168354903596196,198.28763603931526,0.0,0.02741953703108349,0.45182257707795115,5
6.0,1.5764126122449762,-8.070715724309705,-0.04070206234497391,-19.136797926930036,198.28763603931526,0.0,0.02741953703108349,0.49638215040670775,6
6.0,0.9217513832441657,102.90633894743662,0.768409936681004,-0.5324604207417423,133.92114551761313,0.09783948948891827,0.026886711069471974,0.2587048993762862,0
6.0,1.0186928224574527,119.96689629877754,0.8958024950809553,-4.266348996530702,133.92114551761313,0.09783948948891827,0.026886711069471974,0.26203302015878566,1
6.0,1.1258296818323759,67.04516835282524,0.5006316821267598,-6.8005686093318864,133.92114551761313,0.09783948948891827,0.026886711069471974,0.27100632457231766,2
6.0,1.244234223067501,30.142294251731265,0.22507494343204368,-8.664336538604818,133.92114551761313,0.09783948948891827,0.026886711069471974,0.2863928134046303,3
6.0,1.3750914786086503,10.952334966831499,0.08178196896763448,-10.226681525360437,133.92114551761313,0.09783948948891827,0.026886711069471974,0.3076137640412679,4
6.0,1.5197111118519218,0.08048045414703607,0.000600954045277722,-11.679503162447741,133.92114551761313,0.09783948948891827,0.026886711069471974,0.3339850656835219,5
6.0,1.0,176.89428557574476,1.2772970253518827,-0.20781844829567575,138.4911121412908,0.0009009088545321273,0.015599400377798774,0.2819413607506271,0
6.0,1.1051709180756477,158.75598801586148,1.1463261834008245,-3.738002439576764,138.4911121412908,0.0009009088545321273,0.015599400377798774,0.2877944246349218,1
6.0,1.2214027581601699,61.477960701900244,0.443912679675642,-5.6806265506992375,138.4911121412908,0.0009009088545321273,0.015599400377798774,0.3040447330867936,2
6.0,1.3498588075760032,21.804480987684723,0.15744317920878162,-7.008471054802708,138.4911121412908,0.0009009088545321273,0.015599400377798774,0.32724029849786723,3
6.0,1.4918246976412703,8.866259154413923,0.06402041991957164,-8.118270749029332,138.4911121412908,0.0009009088545321273,0.015599400377798774,0.356557786307177,4
7.0,7.993929880546565e-05,-0.010146215170436788,-7.80478090033599e-05,90.59912739047928,130.0,0.0,0.020246836197754983,0.008411233236705968,0
7.0,0.09156559066487253,19.582359210833996,0.14942209969392178,78.2285591956151,131.05396893061175,0.055372789538110166,0.022171898159197224,0.03681860639102862,0
7.0,0.15150540537204082,-19.50167053103939,-0.14635234031477354,71.24422557454139,133.25151131232573,0.14841868152887516,0.022752089364835314,0.054823055679229384,0
7.0,0.1979456378385421,-17.283525934554685,-0.1329501994965745,64.58592194612497,130.0,0.0,0.021567251051646703,0.05926690786906162,0
7.0,0.23965017941390548,-26.131912829181655,-0.19398922248015787,59.48221276215644,134.7080651960165,0.0,0.024549454091738827,0.07740328775577833,0
7.0,0.278570142946596,-26.464368248449684,-0.20357206344961296,51.7745504659812,130.0,0.5304096730406924,0.026350152665714024,0.11631337983918877,0
7.0,0.3127423627300013,-35.36358414870761,-0.22783523055273924,67.0805086785866,155.2156093810156,0.25699709388095254,0.014283287308664128,0.14391367350099046,0
7.0,0.34282094664354473,-29.78469205384399,-0.21939539158133473,40.037331521700075,135.7580568997601,0.0,0.03535583443575211,0.11761955345994228,0
7.0,0.37232239006802453,-30.826062586535123,-0.23712355835796248,42.26430995692097,130.0,0.025044838214119017,0.024717875942666296,0.12664681401579395,0
7.0,0.40051435001487606,-30.258894911312943,-0.23276073008702264,36.09034583461525,130.0,0.0,0.029567697981808992,0.13410746017197397,0
7.0,0.42859704650026453,-34.97306988982344,-0.25931335361957514,39.321952288475416,134.86798655625955,0.0,0.022095332802845327,0.15105483151758606,0
7.0,0.45510214344903177,-29.975667524052334,-0.23058205787732564,28.753926594734285,130.0,0.0,0.03196821651169975,0.15440575466264253,0
7.0,0.4830583596120486,-33.63897451906367,-0.25876134245433596,31.25009335080317,130.0,0.0,0.02364842491318115,0.16541757587183117,0
7.0,0.5100069849493828,-28.240340759904818,-0.1938853947530664,29.224662644516677,145.6548121939349,0.0,0.026929863089775147,0.19447101278447423,0
7.0,0.5386501413240793,-30.041963174339507,-0.2310920244179962,27.815888257332677,130.0,0.0,0.020692571973984934,0.18435542021953524,0
7.0,0.5666772529609484,-5.937899555143388,-0.04050556895729631,19.34489492655688,146.59464631649837,0.08069293987049761,0.033091405850098204,0.2160613414658595,0
7.0,0.5947888470301246,-19.36977560647932,-0.14615608276749892,28.147122823986447,132.52801552770285,0.02684801446658448,0.01299424642422114,0.21206564388685545,0
7.0,0.6257787616306835,-4.99463994000635,-0.03506445363505281,21.308030283475716,142.44168729933864,0.17619863894808027,0.020906284040015616,0.2438885318841462,0
7.0,0.6566679142326932,3.3894987628926283,0.026073067406866372,15.85047617247005,130.0,0.0,0.022380887772047556,0.21321265548560453,0
7.0,0.6913049086971601,23.58101731436832,0.16400529618135654,8.318970553548208,143.78204767419527,0.07073616401148923,0.032610127447378845,0.23236904805187514,0
7.0,0.7298913945087091,28.98309435748842,0.17786376584403515,7.283478833878778,162.9510891099824,0.0,0.029867968817878354,0.2655249523518,0
7.0,0.7723611294018621,32.526089445313026,0.23542719907440945,5.6475576827264184,138.1577386690685,0.05719930345485267,0.025944547788757443,0.2405853712269894,0
7.0,0.8254392533846755,41.2500588972815,0.3141520258097255,3.4577079692183617,131.30604136949188,0.022522786988063485,0.02284058401823706,0.23617020313132614,0
7.0,0.912251457478819,84.08737100597178,0.6403922479800609,-1.4155974026788662,131.30604136949188,0.022522786988063485,0.02284058401823706,0.23809845637842994,1
7.0,1.008193780777714,132.4471496041429,1.0086904473149105,-5.448029064516376,131.30604136949188,0.022522786988063485,0.02284058401823706,0.23994023578437818,2
7.0,1.1142264463002645,84.02408247566127,0.6399102554559514,-8.155989230312457,131.30604136949188,0.022522786988063485,0.02284058401823706,0.24711202212861408,3
7.0,1.2314106646018295,32.76741725446576,0.24954995910857658,-10.023708571351925,131.30604136949188,0.022522786988063485,0.02284058401823706,0.2611205616806715,4
7.0,1.3609192547261473,7.489526150870772,0.05703870189639968,-11.563753739846735,131.30604136949188,0.022522786988063485,0.02284058401823706,0.28172621238970175,5
7.0,1.5040483821725223,-2.915088649331565,-0.02220071992825204,-13.028903646832838,131.30604136949188,0.022522786988063485,0.02284058401823706,0.3073288596049216,6
7.0,0.9019577210632356,77.26025811738316,0.5943096778260243,-2.053873839275578,130.0,0.0,0.02551553747311495,0.22834559192936854,0
7.0,0.9968174426528751,129.55695243112027,0.9965919417778482,-6.027345963165217,130.0,0.0,0.02551553747311495,0.22925520885152406,1
7.0,1.101653648250497,84.3128067347269,0.6485600518055916,-8.705248562743654,130.0,0.0,0.02551553747311495,0.23576914142882133,2
7.0,1.2175155738383885,29.63389541113503,0.22795304162411562,-10.54002309497482,130.0,0.0,0.02551553747311495,0.25008943250845495,3
7.0,1.3455628045103707,5.373873724168376,0.04133749018591058,-12.078458673094637,130.0,0.0,0.02551553747311495,0.2704078317829682,4
7.0,1.4870768799891696,-4.005307964472137,-0.030810061265170285,-13.56315551397277,130.0,0.0,0.02551553747311495,0.29547562020916696,5
7.0,1.0,120.98830080715925,0.8805478035866062,-6.733571042358292,137.40117267268778,0.04016841797536372,0.027083748460134727,0.24207658838182755,0
7.0,1.1051709180756477,75.69688018488135,0.5509187346253862,-9.46113591221733,137.40117267268778,0.04016841797536372,0.027083748460134727,0.2497166195428767,1
7.0,1.2214027581601699,28.310812723751148,0.2060449133952602,-11.431731980227553,137.40117267268778,0.04016841797536372,0.027083748460134727,0.2643122943477887,2
7.0,1.3498588075760032,4.832865831643573,0.035173395813413146,-13.119219921000266,137.40117267268778,0.04016841797536372,0.027083748460134727,0.2851981076159045,3
7.0,1.4918246976412703,-4.251838484479008,-0.03094470303108393,-14.758379203456542,137.40117267268778,0.04016841797536372,0.027083748460134727,0.3111016286402856,4
8.0,0.0001446969769131074,-0.018310254266395983,-0.00014084810974150755,86.83019553460547,130.0,0.024190468981463414,0.019840136926344402,0.007266049253102412,0
8.0,0.06169287180035986,-1.9857500808768687,-0.01527500062212976,78.38192113542169,130.0,0.0,0.02071894594020776,0.017402430136076716,0
8.0,0.1069411944447925,-10.984773123738021,-0.06603291537798638,78.48623127317033,166.35299321344297,0.2290694030778805,0.03778302854174886,0.047136585588978874,0
8.0,0.14596341434377755,-30.068883963355823,-0.23129910741042942,61.44586828375953,130.0,0.0,0.030066450603350458,0.04214188669900588,0
8.0,0.1807805162815393,-27.749246207504534,-0.1529768713546992,75.99104412648114,181.3950433275881,0.1341435442771578,0.03384344191079356,0.0849509792571111,0
8.0,0.21264579079397472,-26.42376812414184,-0.20325975480109107,54.97755448497584,130.0,0.0,0.027534762561766134,0.06479242352881187,0
8.0,0.2451881057973816,-24.410118416314216,-0.1877701416639555,55.212711709546184,130.0,0.008656789518951324,0.02141701923070338,0.07722524809675294,0
8.0,0.27397694692632535,-32.465870067474604,-0.24146019903635813,51.466954599665655,134.45640398310954,0.013618134177906492,0.024485894878788952,0.09078389778732955,0
8.0,0.3027100793414963,-25.301122924158644,-0.19462402249352803,45.579959026199546,130.0,0.04653920773659304,0.025972910194564183,0.10224480756149273,0
8.0,0.3291738804375104,-33.36511967182573,-0.2384390277922836,40.57483361119195,139.93145325559618,0.0,0.03353734270166768,0.11622361031686017,0
8.0,0.35762766970872323,-34.24825337940688,-0.2478990508769434,45.6835328602689,138.15403188617955,0.08078027188736497,0.020436914834933397,0.13399144679220978,0
8.0,0.3846387664322561,-30.738855138348235,-0.23645273183344795,42.857469222627756,130.0,0.0,0.016603972334720354,0.12824166355257874,0
8.0,0.4114591350165071,-26.482305754230136,-0.20371004426330874,30.81794949168669,130.0,0.0,0.030548931492607928,0.13764957047123463,0
8.0,0.4382739716941186,-28.312403297386616,-0.21778771767220473,30.600932671399928,130.0,0.00842215673570517,0.026471150108008396,0.1488519059540664,0
8.0,0.4683472932644785,-20.457382471422388,-0.14086432508592808,29.264593756797623,145.22756176159763,0.0,0.02820064797715774,0.1752404262463479,0
8.0,0.4988938788213938,-18.183499609643757,-0.1323070576636462,24.307285352807092,137.43408651615724,0.0,0.028934591947916657,0.1755877256538008,0
8.0,0.529999620288109,-20.46506036369848,-0.12776689679314465,30.864606205698454,160.17498176254162,0.0643955172073905,0.020265373218003827,0.2270808820023608,0
8.0,0.5611968114779539,-16.56859638386585,-0.12745074141435267,25.325232510816257,130.0,0.0,0.01607832304504472,0.18850057098786327,0
8.0,0.5947387911515442,-11.832873684167565,-0.07855263739940012,20.64261124583136,150.6362367440756,0.005684825920459254,0.022660464707192112,0.22419878486942507,0
8.0,0.6332623132257869,0.6673179905462233,0.005032334938052697,14.968601052667076,132.60603651402573,0.07627446172768149,0.023102277862632276,0.2136750473959452,0
8.0,0.6771085572336348,1.7216964588062207,0.01181644280732893,17.20152685594825,145.70344788859558,0.042235482738571535,0.015555648768481369,0.2464783043922095,0
8.0,0.726952040270987,19.489130392144812,0.14991638763188317,8.664852071637942,130.0,0.0323302700936866,0.021117578242296542,0.22142777009853234,0
8.0,0.7856156866415684,31.805461154338126,0.2261202643474534,4.34864159123136,140.65727919664147,0.0016148238062027038,0.021903754087965025,0.23763581649682106,0
8.0,0.8723484045535097,82.90463781655183,0.44190396864565906,-6.749049747566584,187.60781459066044,0.0,0.031704525567192485,0.28930654550101126,0
8.0,0.9640940871422289,143.42050385698818,0.7644697752591805,-11.891300753785938,187.60781459066044,0.0,0.031704525567192485,0.28632122256481624,1
8.0,1.0654887473982804,97.50182310003444,0.519710883647212,-15.59934672143541,187.60781459066044,0.0,0.031704525567192485,0.29074359832852464,2
8.0,1.1775471771614294,29.516578936999586,0.15733128708631625,-18.332374458084537,187.60781459066044,0.0,0.031704525567192485,0.3057756135288476,3
8.0,1.301390894860884,0.9110968294137931,0.0048563906114556365,-20.77023640536367,187.60781459066044,0.0,0.031704525567192485,0.3293713507244548,4
8.0,1.438259370048692,-11.792039779151862,-0.06285473664772863,-23.198987384348662,187.60781459066044,0.0,0.031704525567192485,0.3594251871952375,5
8.0,1.5895224284276157,-19.560977254493746,-0.10426525833784504,-25.745658761125174,187.60781459066044,0.0,0.031704525567192485,0.39498221067047934,6
8.0,1.0,92.75360334384588,0.5988303089992035,-12.638610720217507,154.89129716707316,0.0,0.03833055430955868,0.22422956298836424,0
8.0,1.1051709180756477,35.42021957986527,0.22867791946799518,-15.108474288041279,154.89129716707316,0.0,0.03833055430955868,0.23221143706497166,1
8.0,1.2214027581601699,4.093845362109504,0.026430441457880535,-17.2241356600664,154.89129716707316,0.0,0.03833055430955868,0.2475342166889647,2
8.0,1.3498588075760032,-8.003756535034155,-0.05167337792000618,-19.298858578470423,154.89129716707316,0.0,0.03833055430955868,0.26846320743394964,3
8.0,1.4918246976412703,-15.392060824899897,-0.09937330958173385,-21.45361906222479,154.89129716707316,0.0,0.03833055430955868,0.2939729163146478,4
9.0,3.412528390215629e-05,-0.004457072634522773,-3.3166759470124845e-05,85.90101893674662,134.3837235150304,0.0,0.019261422241357552,0.007120978363709428,0
9.0,0.038088999546006294,-4.302086606966781,-0.03309297389974447,79.18617472308657,130.0,0.0,0.017956802016689533,0.015101214860099372,0
9.0,0.0732437355463696,-39.7986198715813,-0.22133391261207536,94.24011125871809,179.81257097883156,0.16575470639203022,0.028354146624420155,0.03525665841519201,0
9.0,0.10552343539833921,-0.5194413844435529,-0.0037696954524045734,76.25068581472554,137.79399184945223,0.0,0.015657833303197827,0.03409651014020278,0
9.0,0.13417910487881501,-23.52641422550263,-0.180972417119251,58.90508506959671,130.0,0.0,0.030570312225824556,0.03721129848613211,0
9.0,0.16301091509096632,-13.874027805471197,-0.10510444516327096,54.2671116010877,132.00229337511897,0.3246780226550268,0.03451279938329148,0.06660527652397978,0
9.0,0.19142241265227214,-20.554167819044263,-0.14619105817880756,61.7712030700915,140.59798236020893,0.029174132265472816,0.02224977822377019,0.06680261579602656,0
9.0,0.21727181606518645,-24.663996456827416,-0.1897230496679032,48.50056227429644,130.0,0.0,0.03127108974219149,0.06692422474493658,0
9.0,0.2440396524136048,-26.231265882552886,-0.2017789683273299,52.74801970875749,130.0,0.0,0.019571087152237134,0.07713534978076365,0
9.0,0.2698936707101495,-27.717113343004478,-0.20294988838057668,47.19973497965463,136.57121747723585,0.15361566343862323,0.02707403841753142,0.10704263630276621,0
9.0,0.29633238684573643,-27.87748451982707,-0.2144421886140544,46.83121563672499,130.0,0.010293554326064115,0.01972415864316229,0.09811114833846753,0
9.0,0.3228568367048373,-26.997735287147147,-0.20767488682420882,39.4273868134061,130.0,0.0,0.026700007117705583,0.10628162730641236,0
9.0,0.35030396881051507,-25.868688483274834,-0.1989899114098064,37.67218243424094,130.0,0.0,0.02450461845083442,0.11666852136840648,0
9.0,0.37815359371627005,-28.9046051104691,-0.2223431162343777,37.101338150321595,130.0,0.0,0.021323554100851346,0.12609423878963802,0
9.0,0.407042955711536,-18.479115963421574,-0.1393592282963093,29.00936686026042,132.600590497895,0.045665722090823695,0.030157568154049894,0.14636363432904928,0
9.0,0.4364141494373623,-25.235308628341354,-0.19011366455479836,35.082140920689774,132.73800537923736,0.0,0.0158740850805041,0.15052256141096748,0
9.0,0.4681306400173881,-15.441693972660172,-0.11878226132815517,23.687709359904126,130.0,0.028158307054957227,0.028553044082947607,0.1610220770879372,0
9.0,0.5009605161650132,-18.149185391791175,-0.11893133979242927,30.34922656195439,152.6022108509576,0.12241573167470758,0.01914577423797477,0.21232114606757668,0
9.0,0.5369180030008657,-10.138158556902253,-0.07798583505309425,18.801726397629565,130.0,0.0,0.02596755284739389,0.17511933327202805,0
9.0,0.5762636210410973,-7.0217567055763634,-0.03811972395219999,19.153380259881786,184.20271653544123,0.0,0.029050999472386995,0.25326053831724843,0
9.0,0.6213280394566033,4.541939225003055,0.03194435163847795,10.56433169095526,142.18285837838542,0.0,0.030392689036276975,0.20534479362135516,0
9.0,0.6803283614763389,23.64753673969346,0.13351675532858717,5.015751742454505,177.11287756728692,0.018704287548481843,0.03454916876025777,0.26040492165417184,0
9.0,0.7460772512325988,24.821849041570584,0.13331960800679454,8.9052011884188,186.18303348375846,0.018653383860658377,0.018845824353937828,0.3084094000639843,0
9.0,0.8425472991083001,44.817991169398034,0.32132971449338193,-1.891820156466899,139.47664703234628,0.0,0.024940595125000877,0.2240005477584755,0
9.0,0.9311587720776774,83.40926670458602,0.5980160010961723,-6.209008569537719,139.47664703234628,0.0,0.024940595125000877,0.22211191044697437,1
9.0,1.0290895950112793,110.94758568823086,0.7954563580991505,-9.692104315562679,139.47664703234628,0.0,0.024940595125000877,0.22146302120467784,2
9.0,1.137319892500712,47.98991033845769,0.34407129336374326,-12.06572420470533,139.47664703234628,0.0,0.024940595125000877,0.22856009601624094,3
9.0,1.2569328697407087,10.9264522201153,0.07833893667935196,-13.959444990463403,139.47664703234628,0.0,0.024940595125000877,0.24261405957389737,4
9.0,1.3891256536107974,-1.600430042559253,-0.011474537685065619,-15.743901254020324,139.47664703234628,0.0,0.024940595125000877,0.26237668009368975,5
9.0,1.5352212739234792,-9.718057404654877,-0.06967515789507862,-17.544361818002837,139.47664703234628,0.0,0.024940595125000877,0.2870581208303331,6
9.0,1.0,143.43477323228234,0.8317775761816779,-10.704398820076104,172.44366443578318,0.0,0.023994778367713274,0.27340612330157715,0
9.0,1.1051709180756477,87.6805915607047,0.5084593385763752,-14.006056537546364,172.44366443578318,0.0,0.023994778367713274,0.27946513158194836,1
9.0,1.2214027581601699,22.83702523031081,0.13243180203245541,-16.430908339409577,172.44366443578318,0.0,0.023994778367713274,0.29488639940676886,2
9.0,1.3498588075760032,2.0135496936354964,0.01167656521463755,-18.62738988896968,172.44366443578318,0.0,0.023994778367713274,0.3177688942649994,3
9.0,1.4918246976412703,-8.719741471057672,-0.05056573982922315,-20.80373594159343,172.44366443578318,0.0,0.023994778367713274,0.3469777227356387,4
10.0,2.4575042585479567e-05,-0.003383052495564697,-2.3840224325709303e-05,79.04769081324406,141.9052291347952,0.0,0.03024975830573669,0.006027506475755376,0
10.0,0.028516681304671908,-3.2528370871162333,-0.023795660550959472,71.68110730647032,136.69875144462316,0.0,0.031477771796786284,0.01372592868118019,0
10.0,0.05445592464446942,-2.577997473603943,-0.017506502127918353,76.4620895764852,147.25942708410622,0.23306159889507908,0.02695501745164696,0.026923865836131364,0
10.0,0.0796230699457558,-13.296627005756532,-0.08832480208835282,69.75182015623943,150.542392299455,0.4506659445439256,0.03427942161840965,0.03723644261467105,0
10.0,0.10394202919893922,-4.477022513690087,-0.03442063447646347,63.43742833487676,130.06798339965044,0.0,0.023015778488054025,0.031706300997175904,0
10.0,0.12834287250287377,-13.54821640752206,-0.10421704928863124,57.97954252608821,130.0,0.0,0.027020671618051287,0.03502362643401998,0
10.0,0.15226770767211312,-16.955552500075296,-0.1270276748705139,57.99098128926346,133.47920063371228,0.0816109229287749,0.024707181645272955,0.04938392358206858,0
10.0,0.17523741541518975,-20.47186671197778,-0.10797537169763867,71.05351073754284,189.597557203181,0.0,0.03302582869205613,0.0741981794626702,0
10.0,0.19829766765847284,-26.307026167782507,-0.15400751694551112,58.52612105829168,170.8165074636591,0.08485862067236802,0.03641278491176429,0.08452507627289828,0
10.0,0.2232350085672485,-20.319293324380535,-0.15630225634138872,50.6707511224804,130.0,0.02921852257229825,0.020367579728615685,0.06905101779228814,0
10.0,0.2477167750067754,-24.05971045692041,-0.1850746958224647,48.96703045179323,130.0,0.010488761026296773,0.018603256448988092,0.0765951268099471,0
10.0,0.2738506221095392,-26.273904372383324,-0.20210695671064097,40.41020582124392,130.0,0.0,0.028262989673098482,0.08448396238892117,0
10.0,0.300816649115813,-24.96435239219039,-0.19203347993992606,37.73915275035515,130.0,0.0,0.027414984637953558,0.09370636577556528,0
10.0,0.3294553852620703,-21.485714516018103,-0.15200780355277707,35.120923767391915,141.3461283818779,0.0,0.03146370120150847,0.11261606767565874,0
10.0,0.3565859592957986,-24.909914274894614,-0.14118502549884776,32.9351517948671,176.43453466031997,0.0,0.04141716205637304,0.15007880171625196,0
10.0,0.38436053413562815,-28.83825994310029,-0.13944034329174962,39.62808337444218,206.8143211807955,0.0,0.03457061807995365,0.19076099475668062,0
10.0,0.4152299487419612,-20.047652612545615,-0.13019081463963617,32.08535808916091,153.98668998298268,0.0,0.02497150868531795,0.1559404046477308,0
10.0,0.4489606137425692,-10.480680286971376,-0.07683163367288791,21.243579084652538,136.41100398298263,0.0,0.03234126385579093,0.1476892739069825,0
10.0,0.48537542388435156,-10.852002794484148,-0.08347694457295499,21.74079120118519,130.0,0.09571998391981898,0.02373133399508334,0.1632896983083325,0
10.0,0.5269686296709226,-12.142103643433797,-0.0761445640717313,17.795706982648532,159.4612010910646,0.0,0.02977549530190809,0.19386703753041026,0
10.0,0.5749596664692643,-4.998941458861949,-0.0384533958373996,12.589208535564905,130.0,0.0,0.02624708956239043,0.1715033402556214,0
10.0,0.6334910012028145,5.648837787301274,0.03641650544268307,11.666216216858167,155.11751384800317,0.0,0.022610107786024475,0.216893994749256,0
10.0,0.7083902916858797,25.73704899236908,0.14772109215682558,2.0912694206865226,174.2273132197383,0.0,0.030438008786267883,0.24032099610683877,0
10.0,0.8174512355927638,36.24936022079072,0.27884123246762094,-4.614021603891569,130.0,0.006807883810777009,0.0331433370722387,0.17979362168999777,0
10.0,0.9034233325221274,57.35504496643598,0.4411926535879691,-8.038493528141709,130.0,0.006807883810777009,0.0331433370722387,0.1769750047324285,1
10.0,0.9984371938144405,69.6673738618541,0.5359028758604162,-10.889415002727489,130.0,0.006807883810777009,0.0331433370722387,0.17509617783800682,2
10.0,1.1034437501287786,32.51362385600291,0.25010479889233006,-13.043662738694728,130.0,0.006807883810777009,0.0331433370722387,0.17961131412801873,3
10.0,1.2194939423746576,3.680503187985095,0.02831156298450073,-14.872774236101938,130.0,0.006807883810777009,0.0331433370722387,0.190168653407899,4
10.0,1.3477492398818913,-6.409330893394304,-0.049302545333802336,-16.665080701629297,130.0,0.006807883810777009,0.0331433370722387,0.20474284466887485,5
10.0,1.4894932647760262,-13.567401191807347,-0.10436462455236421,-18.5214804760906,130.0,0.006807883810777009,0.0331433370722387,0.22339465424347843,6
10.0,1.0,113.0785146345161,0.673548744649595,-12.55146284648752,167.8846787745759,0.0,0.025977161320844554,0.23789534030225692,0
10.0,1.1051709180756477,65.35329002658726,0.3892748909764375,-15.569756453053657,167.8846787745759,0.0,0.025977161320844554,0.24301833883347143,1
10.0,1.2214027581601699,14.953089081471656,0.08906762183790247,-17.93451715935392,167.8846787745759,0.0,0.025977161320844554,0.2568824471980614,2
10.0,1.3498588075760032,-5.472507089166711,-0.03259682258745493,-20.149746974839466,167.8846787745759,0.0,0.025977161320844554,0.27699766308627505,3
10.0,1.4918246976412703,-13.910372402558476,-0.08285671154802861,-22.41970186121668,167.8846787745759,0.0,0.025977161320844554,0.3024138487023911,4
11.0,3.8095535797772585e-05,-0.004824167629635666,-3.6813632148752325e-05,70.20763689194756,131.04296827171848,0.0,0.028448053787241554,0.00479600914595638,0
11.0,0.021026700654597427,0.12660868592178073,0.0009739129686290826,67.61455905620858,130.0,0.0,0.027529474811186744,0.014914512131987481,0
11.0,0.0418659303270592,-4.992360149216778,-0.0384027703785906,60.232359093541874,130.0,0.011907885511388386,0.036442725037441816,0.011077331741138946,0
11.0,0.0624772280947677,-11.081985154527272,-0.06944157822139195,80.60086849708789,159.5871729642428,0.0,0.021513461373431114,0.018327238039643114,0
11.0,0.08258637622763186,-13.307654915764287,-0.10041904300206336,61.09339718339132,132.5212282245196,0.05210821927502579,0.027575825288012758,0.02646144127681566,0
11.0,0.10169551075993583,-1.6619863422576484,-0.011832067072795778,62.871139058402576,140.46458087436625,0.0,0.025790718076186395,0.030716426061730192,0
11.0,0.12236802036575424,-13.331753255783239,-0.10255194812140953,50.966132092812835,130.0,0.0,0.03469682843311891,0.03204810881840659,0
11.0,0.14335477610732966,-32.05505363528473,-0.244235035390092,54.17039164101128,131.24674592278058,0.0,0.024862339491665726,0.038890835140083374,0
11.0,0.16504507475913358,-9.432458452894108,-0.06699435526477639,58.83193073060712,140.79482391635779,0.0,0.019145274989799895,0.050204097934378085,0
11.0,0.18840400011207084,-14.016495226317712,-0.10781919404859779,53.03434660106629,130.0,0.0004708544965403763,0.017178353448981568,0.054413427711908276,0
11.0,0.21148817929570582,-27.292579790375978,-0.18775405381957583,53.2908936643681,145.3634647835783,0.023806680526371735,0.02119874248960774,0.06997365204917454,0
11.0,0.23615986164866595,-23.78584229402136,-0.15920855620211904,43.78084928886639,149.4005275936594,0.0,0.033558280476952494,0.08054907303541495,0
11.0,0.26274524762691853,-23.743234408017596,-0.18264026467705843,44.28833179121685,130.0,0.04259094829242954,0.017741031871166244,0.08079911499926079,0
11.0,0.28901615092217686,-21.11138565974002,-0.16138440579898342,34.614731560040845,130.81428503095808,0.0,0.029688408136870112,0.0887434488422633,0
11.0,0.31458762514726646,-20.187347975451072,-0.14556837767909686,32.03857652405085,138.6794872438144,0.0,0.03257364444584614,0.10318645333892579,0
11.0,0.34274680171058486,-12.575958186999967,-0.09673813989999976,21.557648482780124,130.0,0.012328571119080612,0.045324800400946524,0.10521702420494053,0
11.0,0.3745640616563954,-17.57223227697153,-0.13200578539028618,29.09945589781371,133.11713744225491,0.0,0.024038875882351905,0.11953029561642645,0
11.0,0.4113827966473461,-14.131866538692247,-0.10870666568224806,23.964644856253553,130.0,0.0,0.02615798220001447,0.1284864158106501,0
11.0,0.4450423444904963,-17.8916721428898,-0.09740689272890529,25.85667860765991,183.67973396589502,0.04931400939802888,0.031086915377723002,0.19291112742729336,0
11.0,0.48540444098462515,-8.398659046358857,-0.047690868148105595,22.74732851897869,176.10623107712232,0.41918185769496635,0.02863588902071995,0.22571491736632424,0
11.0,0.5327667092536046,-7.216314279845546,-0.053924314358395585,17.462422112182985,133.82301408385035,0.19399915167792955,0.019981732211750418,0.1820474063932055,0
11.0,0.5924957321382937,5.296165673219909,0.03765297966425024,8.853709491030282,140.65727919664147,0.0,0.028185895334106134,0.17962262942793733,0
11.0,0.674119844168978,22.386317926775586,0.11419102756829984,4.723213595722822,196.04270496108725,0.0,0.027105569020664976,0.2603823698577762,0
11.0,0.7971438715576342,34.38263274869512,0.2549636891725871,-5.688378024372151,134.85305637157308,0.0,0.03548290840974989,0.1717269585737483,0
11.0,1.0,82.93919053711372,0.511581967134067,-13.799552047786356,162.12297513484944,0.0,0.029442755783934755,0.21104063872827133,0
11.0,1.1051709180756477,42.11708978609713,0.259784831551884,-16.521056093402553,162.12297513484944,0.0,0.029442755783934755,0.21604488964516005,1
11.0,1.2214027581601699,6.008999532205549,0.037064453864157305,-18.821389241157778,162.12297513484944,0.0,0.029442755783934755,0.2289588160857838,2
11.0,1.3498588075760032,-9.956282824208882,-0.061411917810708316,-21.061632393590948,162.12297513484944,0.0,0.029442755783934755,0.24780006897003584,3
11.0,1.4918246976412703,-15.80463473572706,-0.09748547189305648,-23.401438374266206,162.12297513484944,0.0,0.029442755783934755,0.2706883582799857,4
12.0,5.867095529732384e-06,-0.000807878299724507,-5.644531232073553e-06,73.34074335560598,143.12584455799495,0.0,0.02703330439589545,0.004432542551117542,0
12.0,0.01650504310796373,5.377399227312195,0.037591973830849404,68.5027097837114,143.04647187478346,0.0,0.0319845224106125,0.013748303788857686,0
12.0,0.032571819505930154,-4.059146901134624,-0.0312242069318048,60.90753705139561,130.0,0.0,0.03038163077791218,0.011173453886844396,0
12.0,0.050318929336521406,-6.077580895754408,-0.046750622275033904,62.59297767958293,130.0,0.0,0.02269619423597652,0.014313550986975421,0
12.0,0.06804686423886039,-19.75460093726795,-0.1461494192539626,54.90383037278369,135.16715316494378,0.18609001805273304,0.03820014061906785,0.022775521672234005,0
12.0,0.08622579175540315,-9.37020546593743,-0.06839869896945232,60.55564597988114,136.99391373105323,0.20308009282031217,0.024049714662637615,0.03197198866513629,0
12.0,0.10496342408764966,-5.153903120198321,-0.03597011702119921,55.869553352999,143.28291223408687,0.0,0.03243635720834227,0.03133605197685286,0
12.0,0.1239709371825323,-12.695268284602433,-0.09638362311660947,53.82611800981937,131.71603094068269,0.3638685415364423,0.023470256329325763,0.04527971838564215,0
12.0,0.14442195239115582,-24.871152524406877,-0.1913165578800529,46.06913094850641,130.0,0.0,0.03223887716047003,0.03935815702348691,0
12.0,0.1656604361888141,-14.48971386003208,-0.10724458744647528,45.06830955436215,135.10904564077654,0.0,0.0323570927186893,0.04802862033175388,0
12.0,0.18810011501763718,-21.813764277674604,-0.16779818675134311,41.29369091134007,130.0,0.0,0.031498441401456294,0.052792653348956546,0
12.0,0.21067634127320325,-25.331141671069442,-0.13404631667204836,50.70241914206733,188.97305274745793,0.0,0.039220278990544595,0.08669405607348932,0
12.0,0.23183730582449552,-21.91020607517515,-0.16854004673211653,37.30193150539136,130.0,0.0,0.02966167033656143,0.06619925454286267,0
12.0,0.2561448047278656,-22.81382078377234,-0.15527633714015934,41.245727009825515,146.92400145412734,0.09739500015872486,0.0255322831668966,0.09241012700003808,0
12.0,0.28327167349735544,-17.308805820697156,-0.1331446601592089,33.26239862887572,130.0,0.032243038094064855,0.026197979557700913,0.08655635078824474,0
12.0,0.3108532649945663,-24.795456360926945,-0.19073427969943804,32.47649521365283,130.0,0.0,0.022699541635216657,0.0919210522230604,0
12.0,0.3431972514230852,-23.230908140133973,-0.1641443395182751,31.2189607252538,141.52731801968443,0.0,0.023699275951780452,0.11092563374376216,0
12.0,0.37621953627161414,-16.936478535556883,-0.1162276758979756,27.438344817074142,145.71812096134218,0.0,0.02460915768852743,0.12344535623796281,0
12.0,0.41241240350474373,-4.624480769163596,-0.03557292899356612,15.581502581336931,130.0,0.0009497669167173423,0.03781375939822492,0.11827171949479423,0
12.0,0.4536997461809521,-5.583098524358831,-0.04228494273259658,13.846375327491714,132.03514451149857,0.0,0.03388872359573128,0.13005540416454908,0
12.0,0.5019275757834193,-10.839260445335695,-0.06900874252686903,18.1685721840012,157.07082970125637,0.08419313779301617,0.02137985903095967,0.1790421585462384,0
12.0,0.5627788963605022,4.451840796245498,0.034244929201888444,7.203419933801449,130.0,0.0,0.029442909278330053,0.14872493044853913,0
12.0,0.6469304288199809,18.340967056271214,0.14108436197131705,0.9868892016500759,130.0,0.0,0.03200469415345172,0.15312578139064342,0
12.0,0.7757702068535468,30.40774021322487,0.21212816444421123,-3.0990459900712324,143.34607708926822,0.017596791067529562,0.02285437358900013,0.18487283669687243,0
12.0,1.0,33.31562723224905,0.2305343674657876,-11.628681276189146,144.51479663739616,0.3495531679889896,0.028025674236736537,0.19392497794065292,0
12.0,1.1051709180756477,18.578708967086573,0.1285592160760025,-14.237971139621031,144.51479663739616,0.3495531679889896,0.028025674236736537,0.19720602246548236,1
12.0,1.2214027581601699,7.3762224934363,0.051041295874664445,-16.66147391338205,144.51479663739616,0.3495531679889896,0.028025674236736537,0.2036586442428673,2
12.0,1.3498588075760032,-2.955154448536845,-0.020448801903321077,-19.011214462208706,144.51479663739616,0.3495531679889896,0.028025674236736537,0.21442059328043833,3
12.0,1.4918246976412703,-10.575580117626513,-0.07317991211766246,-21.39050655552073,144.51479663739616,0.3495531679889896,0.028025674236736537,0.22901540391370923,4
13.0,7.66413322848748e-06,-0.0009900107741600548,-7.309924241195827e-06,66.72077242521354,135.43379404409524,0.0,0.0245979290432564,0.004281025976932809,0
13.0,0.013817739822125287,16.583281971356453,0.1275637074719727,59.37870725120372,130.0,0.18627936857465913,0.03235585330451353,0.018390834108598687,0
13.0,0.028919228972463747,-2.5621647605127857,-0.019708959696252196,57.69725741680745,130.0,0.02916353653140659,0.030607517968464254,0.013600887529077454,0
13.0,0.044057116575601865,-5.1807668958019795,-0.03869596689893862,57.158995870791166,133.8838982711679,0.04784232971341394,0.031200717913020305,0.014457032563912953,0
13.0,0.06001713270732556,-9.263407747482686,-0.07067202923903616,55.4025302185224,131.07601192758707,0.03796505997132673,0.02807774410051737,0.015903509826998903,0
13.0,0.07613863651904919,-79.23345333409485,-0.4081414073877856,78.80063296938006,194.13235682507732,0.0,0.029037960240697738,0.028675406910531356,0
13.0,0.0947367541709034,3.8958649772830247,0.029968192132946343,49.76614967867118,130.0,0.002113644535023619,0.02986872086780261,0.02663917515698885,0
13.0,0.11179692636726347,-10.191415366840316,-0.07528887411020997,52.3691091789816,135.36416219907653,0.0,0.024190856692751443,0.030479069453412097,0
13.0,0.12967722999351725,-11.828569751433092,-0.09098899808794686,47.894905615106985,130.0,0.0,0.025014960790829304,0.03338604074341095,0
13.0,0.1486623397742085,-20.16990226618986,-0.14118105789094504,44.76860563935042,142.86549886720678,0.0,0.035437375664362204,0.04352193998319132,0
13.0,0.1680310757379792,-11.9523713627089,-0.09194131817468384,41.48427558088244,130.0,0.0,0.028911265641655883,0.04572111172357811,0
13.0,0.18761628427260402,-19.25222534608437,-0.14809404112372593,38.242200964999014,130.0,0.0,0.031004002024297005,0.05138245192596961,0
13.0,0.20957427835085926,-22.051657186230496,-0.16962813220177306,36.71084753046464,130.0,0.0,0.02921647977703591,0.057730816436819044,0
13.0,0.23265466870124588,-18.876315346386004,-0.1260008560987492,42.28475410768621,149.81100867753062,0.0,0.023259580980528816,0.07462800606244918,0
13.0,0.25933020116734856,-20.21359916949734,-0.13234125548808948,38.97938942733479,152.73845706652324,0.0,0.02476663774898306,0.0860146949742499,0
13.0,0.29010816380974574,-20.27514121077196,-0.15596262469824584,28.91755609697332,130.0,0.0,0.027977083714414305,0.08265871624999731,0
13.0,0.31953418735536904,-13.882626902978497,-0.1067894377152192,21.84125547953017,130.0,0.0,0.03685984882876727,0.09042940442432795,0
13.0,0.349450312494257,-14.759722055890375,-0.09947109136099666,26.287263228194448,148.3820259126841,0.003176506599786066,0.0274559923866356,0.11475760953754299,0
13.0,0.3869188917331425,-16.99757049669017,-0.10294155742224195,24.88376851210175,165.11864520341527,0.39581505200672573,0.02814575436076049,0.1659926420972275,0
13.0,0.42684296138427946,-9.736681515458654,-0.06817279214199616,17.34172372505424,142.82356948470374,0.0,0.02818654472189551,0.13037094602294597,0
13.0,0.47665983794304473,-1.4984045717811865,-0.011405497196435504,10.357620119720444,131.37564684593272,0.03883862267337753,0.03269233486876821,0.132054848006673,0
13.0,0.539881777838917,1.1769337944848244,0.007228747386094636,10.640072259524992,162.81296490575917,0.0,0.024742587059180903,0.17531876136275443,0
13.0,0.6304401547312563,16.80497091904751,0.11142699862550216,1.5630036376334893,150.81597033343564,0.0,0.02920725975344125,0.1691573969393337,0
13.0,0.7526898696404731,23.559287151467952,0.17371841131851387,-3.1704075999420382,135.61767559727357,0.0,0.023375622798963915,0.16337174875270763,0
13.0,1.0,38.24308562026263,0.28962160303155887,-12.690476834683702,132.04500361837802,0.0,0.03138386793076467,0.1394029923193786,0
13.0,1.1051709180756477,15.360581074674148,0.1163283778541717,-14.698310462598167,132.04500361837802,0.0,0.03138386793076467,0.14160651823144454,1
13.0,1.2214027581601699,-3.0077674858459242,-0.022778351345565818,-16.55253827976589,132.04500361837802,0.0,0.03138386793076467,0.14894195701824361,2
13.0,1.3498588075760032,-11.946496534140747,-0.09047291610265847,-18.436843771792073,132.04500361837802,0.0,0.03138386793076467,0.16022033992515625,3
13.0,1.4918246976412703,-16.71779118986549,-0.12660676838770377,-20.440614229159664,132.04500361837802,0.0,0.03138386793076467,0.1743952531604,4
14.0,1.959475256392114e-05,-0.0024177902538724534,-1.859838656824964e-05,58.11143196593707,130.0,0.03031254867674654,0.029490968078192657,0.0033063203084885695,0
14.0,0.013686090710034548,51.78541252779424,0.3983493271368788,60.0185683511757,130.0,0.0010758683525776487,0.022937998704299786,0.020448224452700642,0
14.0,0.027711378714762775,-3.734412996340807,-0.026687445241632687,57.736791158198145,139.93145325559618,0.0,0.03201326398070708,0.010014957679413525,0
14.0,0.04115121173717875,-4.81824608411685,-0.03706343141628346,57.170818253494524,130.0,0.0,0.020215377348086216,0.01124839975676796,0
14.0,0.056182114663241016,-7.723912612539861,-0.05708121657123674,52.01938172182568,135.314435754895,0.11002525100636129,0.032345489410599684,0.016422272055219088,0
14.0,0.07203901495642147,-16.559719303334216,-0.12738245617949398,48.197845596003916,130.0,0.0,0.0320240574680911,0.017271375712693916,0
14.0,0.08658255886722986,8.315982754742633,0.06345534594329223,44.48707297340949,131.05251623991347,0.0,0.03741298603092919,0.02383020802330026,0
14.0,0.1009285732967504,-5.687444806095242,-0.04374957543150186,46.48528456956493,130.0,0.0,0.02727122786807363,0.026354523499570036,0
14.0,0.1178009710644084,-13.006891600558388,-0.09365268944025175,46.567212267340246,138.88433613918247,0.0,0.029470386151996725,0.032491380315086166,0
14.0,0.13501529851305333,-20.597538321879224,-0.15844260247599404,42.37259681974836,130.0,0.0,0.027643325191826537,0.03465666501591417,0
14.0,0.1534772883736683,-14.727830206808786,-0.11329100159083681,39.60257804906568,130.0,0.0,0.02908302178035847,0.04071921821201724,0
14.0,0.17395220400650035,-13.41441737750486,-0.09984880759093066,38.43462182663256,134.34729668943288,0.0,0.029170282377638607,0.04837676234643456,0
14.0,0.19734791125917286,-20.42959793671528,-0.1571507533593483,35.35504975032102,130.0,0.0,0.027811873574835975,0.053618661631060924,0
14.0,0.22068778986143103,-15.203151990109372,-0.11091825347805426,34.082012445069786,137.06627640974705,0.0313750348655019,0.02823651796695911,0.06560556699131216,0
14.0,0.24689567175328866,-12.981574793477078,-0.09985826764213136,27.62864104859697,130.0,0.0,0.03337389971317901,0.06815694075847456,0
14.0,0.2732207628255579,-20.40612224722835,-0.11679095342316773,38.4950892082195,174.7234837041788,0.20164586448444952,0.024430091823202493,0.11741949059378584,0
14.0,0.3004857155468402,-25.33258392897721,-0.12467636923022633,36.42795661537125,203.18673125777568,0.0,0.030478664234847547,0.12757129442896964,0
14.0,0.33128429570018514,-22.84997724293518,-0.11221597665267302,30.90936815795732,203.62499106218743,0.0,0.03224917966690558,0.13959876879567265,0
14.0,0.36796263655038763,-8.491207607886862,-0.0653169815991297,15.655871659633364,130.0,0.24508377761999206,0.03622151976013059,0.11281194831324864,0
14.0,0.4081596068004367,-31.427896608681742,-0.10416498207560161,43.63491157332323,301.71268676330953,0.0,0.017685861964081093,0.25315539088740613,0
14.0,0.46178756004167404,-6.447579447191031,-0.04959676497839255,15.707847254374574,130.0,0.0,0.015423301190714911,0.12440297001185568,0
14.0,0.529309233510098,3.018029409424727,0.01988801378926158,7.610475372976612,151.75117240990122,0.00017194275274830912,0.0263974987147472,0.14947540385076144,0
14.0,0.6157846492792904,15.379752755448624,0.11830579042652788,0.19043307171231305,130.0,0.0,0.03070277575797351,0.13137818173412805,0
14.0,0.7448960094822177,23.017945848329187,0.15778612457908672,-3.2485969215933608,145.88067176205956,0.0,0.018808122062780267,0.1634695050788173,0
14.0,1.0,24.407249339077094,0.1420969949810567,-17.614794174285173,171.76471143764076,0.0033686580819854537,0.0373256674614883,0.15058457901064062,0
14.0,1.1051709180756477,1.9366585598490356,0.011275066593362165,-19.97883847230454,171.76471143764076,0.0033686580819854537,0.0373256674614883,0.15467083575964286,1
14.0,1.2214027581601699,-11.40752072302291,-0.06641364589701777,-22.323516184725413,171.76471143764076,0.0033686580819854537,0.0373256674614883,0.16389229063017738,2
14.0,1.3498588075760032,-18.951739141667897,-0.11033546403708386,-24.782269104376518,171.76471143764076,0.0033686580819854537,0.0373256674614883,0.17700829721291794,3
14.0,1.4918246976412703,-23.212816202823912,-0.13514310365928298,-27.4305394154443,171.76471143764076,0.0033686580819854537,0.0373256674614883,0.1932047359371252,4
15.0,4.430135592879371e-05,-0.005456957905636272,-4.197659927412517e-05,54.654957510236564,130.0,0.017457563079343024,0.029238286851003378,0.0028918358135814025,0
15.0,0.012145676471665754,21.540065157675766,0.1656928089051982,51.797688210653654,130.0,0.0,0.034515436853276585,0.011941082631943475,0
15.0,0.02327937751668675,-1.6716610477850222,-0.011188926390697405,56.73369015819152,149.40316786558355,0.5496443278385129,0.03612625271919706,0.020975829277098318,0
15.0,0.0362201867749574,-4.7009816778675875,-0.03567527691730569,49.03694016375694,131.77141382151942,0.0,0.033893781546549324,0.009543375121693811,0
15.0,0.04968974443074194,-6.00437188239482,-0.04464067469567304,49.754898422200355,134.50450566278775,0.0,0.030379142543184735,0.012309319333333044,0
15.0,0.06290957885457744,-5.128605192012258,-0.039450809169325064,50.918283429131385,130.0,0.13261182874956162,0.019533176878563572,0.01853112972185058,0
15.0,0.07687703501884836,-46.224612406687264,-0.355573941589902,46.789549486649534,130.0,0.0,0.025783085370332946,0.018386350485059617,0
15.0,0.09263252336400195,3.976621943483848,0.029493684578546515,43.269374818092594,134.82960845036,0.0,0.033247827784271086,0.025481796490561804,0
15.0,0.11014538258864479,-11.050986396339367,-0.08500758766414897,39.94822692012077,130.0,0.0,0.0323441164667828,0.02755992135621611,0
15.0,0.12715681978614912,-9.985000594766545,-0.07680769688281958,39.53103176790842,130.0,0.0,0.028864957545416223,0.030901520326478697,0
15.0,0.1463735599253661,-17.01994916507203,-0.13092268588516948,35.279928463644794,130.0,0.15708914643095068,0.03398479530430667,0.04340823178225215,0
15.0,0.16673548510844158,-15.259791922843387,-0.1107003712924259,33.17512429790568,137.84770317105034,0.04815234401413704,0.038246252291718755,0.04871814571825261,0
15.0,0.18745985729086884,-14.948326293948352,-0.11498712533806424,32.38593616682846,130.0,0.0204425455378499,0.02923050310409556,0.04961233559580926,0
15.0,0.21027232843904614,-14.781584081856987,-0.11370449293736144,29.20278320172958,130.0,0.0,0.031054339400206576,0.05450893683565412,0
15.0,0.23339871992626715,-13.746821831976415,-0.10270161016300362,25.15861985163453,133.85205753014043,0.008142535963417592,0.03731037446789459,0.06327645109126767,0
15.0,0.25791365611750244,-12.740804248773683,-0.09800618652902833,21.427446060233407,130.0,0.0,0.039053420247628215,0.06748240387210036,0
15.0,0.28670662957341925,-15.044645177327705,-0.10490743321389634,25.30291463467244,143.40876252927757,0.0,0.02712417878555709,0.08331428258685161,0
15.0,0.31910303067116863,-14.271432865183083,-0.10978025280910064,19.97594630801504,130.0,0.0,0.02707458063353787,0.08372125331117491,0
15.0,0.356325840749841,-11.502145616471536,-0.0618038434847945,22.158172680218236,186.10728666577816,0.0,0.030410302232874328,0.12947485831320088,0
15.0,0.40075051514581245,-8.340959598526963,-0.057654556525437065,13.941503295726614,144.67129922067738,0.0,0.028793575652080478,0.11169452737337464,0
15.0,0.45393849990390456,3.083754445129116,0.02372118803945474,6.207405852451348,130.0,0.0,0.03695484671857913,0.10590818172402021,0
15.0,0.5201288588699756,6.144739318788694,0.03688344751729678,4.658327165859939,166.59883314614422,0.0,0.031125999758573546,0.14636787730696596,0
15.0,0.6026330996340911,22.99652501271829,0.12149647950766632,-1.9972644606307437,189.27729516036908,0.03515230329980486,0.03369740828099574,0.17184701787579107,0
15.0,0.7381592762273163,22.624503564204442,0.1695616409358084,-7.386897597638211,133.4293737624861,0.030598242217926345,0.037014382254416014,0.11624949708779518,0
15.0,1.0,14.114792268534156,0.07544593089118633,-19.478196547023366,187.0848712688236,0.01433662554078156,0.03983863907963316,0.14369722234202537,0
15.0,1.1051709180756477,-5.532701614488643,-0.029573217636281582,-21.85723589022466,187.0848712688236,0.01433662554078156,0.03983863907963316,0.14844369574312377,1
15.0,1.2214027581601699,-16.515659710632132,-0.08827896985267537,-24.291602249570843,187.0848712688236,0.01433662554078156,0.03983863907963316,0.158202724765075,2
15.0,1.3498588075760032,-22.593454553881994,-0.12076580217658164,-26.891125206023347,187.0848712688236,0.01433662554078156,0.03983863907963316,0.17122539614111518,3
15.0,1.4918246976412703,-26.128420164521767,-0.13966078597011541,-29.71658270801467,187.0848712688236,0.01433662554078156,0.03983863907963316,0.18695980263828582,4
