series,observations,first,last,min,max,missing_in_window
SP500,2514,2016-09-26,2026-09-25,2085.1800,7798.9900,473
VIXCLS,2980,2015-01-02,2026-09-22,9.1400,82.6900,7
VXVCLS,2947,2015-01-02,2026-09-22,11.8500,72.9800,40
DGS1,2934,2015-01-02,2026-09-24,0.0400,5.4900,53
DGS2,2934,2015-01-02,2026-09-24,0.0900,5.1900,53
DGS3,2934,2015-01-02,2026-09-24,0.1000,5.0300,53
DGS5,2934,2015-01-02,2026-09-24,0.1900,5.0300,53
DGS7,2934,2015-01-02,2026-09-24,0.3600,5.1000,53
DGS10,2934,2015-01-02,2026-09-24,0.5200,5.1800,53
DGS20,2934,2015-01-02,2026-09-24,0.8700,5.5300,53
DGS30,2934,2015-01-02,2026-09-24,0.9900,5.4700,53
BAA10Y,2929,2015-01-02,2026-09-24,1.3600,4.3100,58
AAA10Y,2929,2015-01-02,2026-09-24,0.6400,3.2000,58
BAMLC0A4CBBB,775,2023-09-26,2026-09-24,0.9200,1.6300,2212
DTB3,2934,2015-01-02,2026-09-24,-0.0500,5.3600,53
DFF,2986,2015-01-02,2026-09-24,0.0400,5.3300,1
