episode,strategy,sd_regression_pct,sd_nested_pct,cost_regression_pct,cost_nested_pct,worst_day_regression_pct,worst_day_nested_pct,sd_change_pct,cost_change_pct
volmageddon,S3,0.0035699251750090834,0.0013865029943291992,0.005452588200785097,0.0034485782929044775,-0.007195370578446894,-0.002808968730553899,-0.002183422180679884,-0.00200400990788062
volmageddon,S4,0.003987161062335714,0.0014892812365535758,0.005572100798513126,0.004547885104194052,-0.007195262227165321,-0.0030958595114003594,-0.0024978798257821386,-0.0010242156943190747
volmageddon,S5,0.002404914102755729,0.0014725974797704848,0.004907329380706587,0.0031037204636140286,-0.0054576059507367245,-0.004675776187395439,-0.0009323166229852442,-0.0018036089170925585
volmageddon,S6,0.0039164068406720735,0.0015552924496748386,0.006766863685850212,0.004762853777969593,-0.007436241831685106,-0.003049839983792115,-0.0023611143909972347,-0.002004009907880619
fourth quarter 2018,S3,0.0012079621598783997,0.0006360811963351274,0.013059569455301795,0.008727888691466512,-0.00420252156082933,-0.0029212447760867035,-0.0005718809635432723,-0.004331680763835282
fourth quarter 2018,S4,0.000924955826450089,0.0005495202266106162,0.007682133628675007,0.008306894411772531,-0.0030998104745522306,-0.002074510086254489,-0.0003754355998394728,0.0006247607830975246
fourth quarter 2018,S5,0.0008606881208550105,0.000693482296123232,0.011753612509771614,0.00785509982231986,-0.003903358065856548,-0.002750208959588178,-0.00016720582473177855,-0.0038985126874517533
fourth quarter 2018,S6,0.0013912885894241187,0.0007847047034911085,0.014409678073870589,0.010077997310035308,-0.004161525892012794,-0.002880249107270162,-0.0006065838859330103,-0.004331680763835281
covid,S3,0.008042961870821014,0.0032654562451949554,0.007196797892919267,0.005538043008261162,-0.022207601496257945,-0.009037664060186485,-0.004777505625626058,-0.0016587548846581047
covid,S4,0.007756635130910552,0.0031047600227127534,0.011486436110527493,0.005390060730037506,-0.021817876439320233,-0.00858938945884027,-0.004651875108197799,-0.006096375380489987
covid,S5,0.008951137828351429,0.005133822379886663,0.0064771181036273485,0.00498423870743504,-0.028410881918702294,-0.01655793822623803,-0.003817315448464766,-0.001492879396192309
covid,S6,0.007674797957923657,0.0033636349504598457,0.008648961921278188,0.006990207036620083,-0.018083920972270136,-0.004913983536198675,-0.004311163007463811,-0.0016587548846581047
2022 double,S3,0.0010751997510350746,0.0006993044376696933,0.019426233393781245,0.014901907776724387,-0.002892492562937599,-0.0016781718619347187,-0.0003758953133653813,-0.004524325617056858
2022 double,S4,0.0011454264631401091,0.0006788150427965335,0.016836170964918035,0.013255292513171708,-0.002778009415649725,-0.0018181946818938333,-0.0004666114203435756,-0.003580878451746327
2022 double,S5,0.00105292292126176,0.0008200219126400972,0.01748361005440312,0.013411716999051956,-0.0033944206263534227,-0.002612437927302735,-0.00023290100862166283,-0.004071893055351165
2022 double,S6,0.0011433025018499413,0.0007868235990117342,0.021032726248043376,0.01650840063098652,-0.0031952873802731834,-0.002544658314693616,-0.0003564789028382071,-0.004524325617056856
whole window,S3,0.001531780459377878,0.0013719012259290487,0.08010120558445774,0.1372938772168536,-0.04664833249187159,-0.046837182435751384,-0.0001598792334488292,0.05719267163239586
whole window,S4,0.0014773665421263292,0.0013732228416409903,0.05086916075370242,0.056903901446094994,-0.04725502421104232,-0.049044436727208825,-0.0001041437004853389,0.006034740692392571
whole window,S5,0.001810133696358438,0.0015789535297029097,0.07209108502601194,0.12356448949516824,-0.046390110083552066,-0.04656007503304387,-0.00023118016665552824,0.0514734044691563
whole window,S6,0.0014980832881130045,0.0014233929396696317,0.10312165139066584,0.16031432302306167,-0.04675854537206225,-0.046947395315942,-7.469034844337277e-05,0.05719267163239583
