tenor_years,strike_over_spot,pnl_sd_pct,total_cost_pct,total_pnl_pct,worst_day_pct,rebalances,stress_episode,stress_pnl_sd_pct,stress_total_pnl_pct,stress_worst_day_pct,gamma_per_cost,premium_pct_of_index,on_frontier
0.25,0.95,0.0016269111158416457,0.05207055284464824,0.019987403711339835,-0.046792814624915156,522,covid,0.004909893580877581,-0.0025962478981415085,-0.01509420685532293,2110.078450261557,0.02403001735383371,True
0.25,0.9,0.0015151670917889354,0.07685445253838552,0.014802620163837845,-0.046799500159801555,522,covid,0.004152070638275682,0.005796062309440909,-0.012658509351995213,631.0883757231998,0.017620789968063176,True
0.25,0.85,0.0013983587639817333,0.1062099172407571,0.01771446575833093,-0.04680690655501947,522,covid,0.00343183227456759,0.017738755990573098,-0.009196978457914933,288.81883081481374,0.013180069551309228,True
0.5,0.95,0.0014864151117563182,0.09170242366611372,-0.031151825486695154,-0.046805922033192476,522,covid,0.00406285070750451,0.00695551356270042,-0.012508738706949579,1261.5170946390274,0.03540673369434357,True
0.5,0.9,0.0013719012259290487,0.1372938772168536,-0.06974518739041427,-0.046837182435751384,522,covid,0.0032654562451949554,0.01884152242942899,-0.009037664060186485,578.1278686539584,0.026360912778255675,True
0.5,0.85,0.0013548915533556874,0.16899731380859875,-0.06841676996267115,-0.04685905710266865,522,covid,0.0034710810833467384,0.032212210277267506,-0.005738421144617782,310.1036589576663,0.01998812507789539,True
1.0,0.95,0.0013982183692783751,0.1653736720672744,-0.12812383258288806,-0.046820149462214446,522,covid,0.0034417596930106527,0.02041271825179503,-0.009402681142735491,710.7059205480574,0.051745639445576294,True
1.0,0.9,0.001415683392589323,0.21242390148376217,-0.18328088299895973,-0.046879094058301284,522,covid,0.0036752665582975015,0.0329304111068999,-0.0063523627486155925,452.8863402857112,0.03935579848659509,True
1.0,0.85,0.001527155919675628,0.21458046433561204,-0.17856973517851166,-0.04690434482090931,522,covid,0.004776927236983118,0.03697114595027014,-0.009633195835998334,298.9504377062886,0.03006811685713738,True
