strategy,rebalance,cost_multiple,rebalances,pnl_sd_pct,total_cost_pct,total_pnl_pct,delta_left_pct,outside_design_share
S1,daily,0.5,2493,0.003044892917712915,0.00026432904952928947,0.043557029132111805,3.3395523802465336e-07,0.359484364439609
S1,daily,1.0,2493,0.0030449052825573626,0.0005286580990585789,0.04324012947279478,3.3395523802465336e-07,0.359484364439609
S1,daily,2.0,2493,0.003044930130021975,0.0010573161981171579,0.04260633015415942,3.3395523802465336e-07,0.359484364439609
S1,weekly,0.5,522,0.003099293688966971,0.00013824032884942765,0.0767385897763459,0.0056048923317085384,0.359484364439609
S1,weekly,1.0,522,0.003099309481100523,0.0002764806576988553,0.07657425523121611,0.0056048923317085384,0.359484364439609
S1,weekly,2.0,522,0.003099341181386789,0.0005529613153977106,0.07624558614095821,0.0056048923317085384,0.359484364439609
S1,monthly,0.5,121,0.0033832369326188745,9.145013056083783e-05,0.07524885462940399,0.014878202273592824,0.359484364439609
S1,monthly,1.0,121,0.003383236145297972,0.00018290026112167566,0.07514092949486396,0.014878202273592824,0.359484364439609
S1,monthly,2.0,121,0.0033832346754445164,0.0003658005222433513,0.07492507922578369,0.014878202273592824,0.359484364439609
S1,band 2.0%,0.5,140,0.0030488787388698504,0.00014084413288942537,0.03758198403386855,0.00933273915616626,0.359484364439609
S1,band 2.0%,1.0,140,0.003048894250284809,0.00028168826577885074,0.03741321107497559,0.00933273915616626,0.359484364439609
S1,band 2.0%,2.0,140,0.0030489253995485857,0.0005633765315577015,0.037075665157190664,0.00933273915616626,0.359484364439609
S2,daily,0.5,2493,0.0018830478724705083,0.000396317567461505,-0.06145034436949811,3.4381229737687024e-07,0.359484364439609
S2,daily,1.0,2493,0.0018830950516605328,0.00079263513492301,-0.06191833164448056,3.4381229737687024e-07,0.359484364439609
S2,daily,2.0,2493,0.0018831896441389483,0.00158527026984602,-0.06285430619444461,3.4381229737687024e-07,0.359484364439609
S2,weekly,0.5,522,0.0019499081031485162,0.00020335522486290857,-0.03125868215627844,0.005604892776416264,0.359484364439609
S2,weekly,1.0,522,0.0019499456238020268,0.00040671044972581715,-0.03149440536884552,0.005604892776416264,0.359484364439609
S2,weekly,2.0,522,0.001950020899236296,0.0008134208994516343,-0.03196585179397887,0.005604892776416264,0.359484364439609
S2,monthly,0.5,121,0.002306179771002206,0.00012809428128599757,-0.026346525829999565,0.014878198234463968,0.359484364439609
S2,monthly,1.0,121,0.0023061836258955275,0.00025618856257199514,-0.026492000396964026,0.014878198234463968,0.359484364439609
S2,monthly,2.0,121,0.002306191531102109,0.0005123771251439903,-0.026782949530889597,0.014878198234463968,0.359484364439609
S2,band 2.0%,0.5,140,0.0018814820037714218,0.0001885653701976056,-0.0809913259363872,0.009332734776385673,0.359484364439609
S2,band 2.0%,1.0,140,0.0018815354692230445,0.0003771307403952112,-0.08121176720018318,0.009332734776385673,0.359484364439609
S2,band 2.0%,2.0,140,0.0018816426730190684,0.0007542614807904224,-0.08165264972777495,0.009332734776385673,0.359484364439609
S3,daily,0.5,2493,0.001365632601840538,0.1083273227840828,-0.04132925296453557,2.761547303642478e-07,0.359484364439609
S3,daily,1.0,2493,0.0013938396101050251,0.2166546455681656,-0.17116335411932862,2.761547303642478e-07,0.359484364439609
S3,daily,2.0,2493,0.0014870309917316149,0.4333092911363312,-0.4308315564289146,2.761547303642478e-07,0.359484364439609
S3,weekly,0.5,522,0.0013516532896699664,0.0686469386084268,0.013309349639094128,0.004567506704665658,0.359484364439609
S3,weekly,1.0,522,0.001371727064467552,0.1372938772168536,-0.06862586171389322,0.004567506704665658,0.359484364439609
S3,weekly,2.0,522,0.0014477646189979551,0.2745877544337072,-0.23249628441986803,0.004567506704665658,0.359484364439609
S3,monthly,0.5,121,0.0013182786219124454,0.03677353888590715,0.06150880927331386,0.011821645634345623,0.359484364439609
S3,monthly,1.0,121,0.00132966844414209,0.0735470777718143,0.017670556877135198,0.011821645634345623,0.359484364439609
S3,monthly,2.0,121,0.0013752137316705884,0.1470941555436286,-0.07000594791522263,0.011821645634345623,0.359484364439609
S3,band 2.0%,0.5,67,0.0013537599682403579,0.028451950723047497,0.012817324509801983,0.010218616148377756,0.359484364439609
S3,band 2.0%,1.0,67,0.0013730426118521088,0.056903901446094994,-0.021103007528374407,0.010218616148377756,0.359484364439609
S3,band 2.0%,2.0,67,0.0014282346779756865,0.11380780289218999,-0.08894367160472777,0.010218616148377756,0.359484364439609
