model,episode,strategy,pnl_sd_pct,total_pnl_pct,worst_day_pct,delta_left_pct,outside_design_share,extra_sd_pct
calibrated,volmageddon,S1,0.006138591363158944,-0.00575842048328989,-0.018276003956373667,0.032438372554792635,0.0,0.0
calibrated,volmageddon,S2,0.00485317025452572,-0.013828512338695977,-0.0149725752525788,0.03243837999067911,0.0,0.0
calibrated,volmageddon,S3,0.0035434788161844326,-0.0010690517457130344,-0.007195370578446894,0.015944748728293913,0.0,0.0
calibrated,fourth quarter 2018,S1,0.0023558965586939836,-0.03327726669982858,-0.007821497426640666,0.029783617144770423,0.0,0.0
calibrated,fourth quarter 2018,S2,0.0011643899067467066,-0.016449052191332986,-0.004369870004742829,0.029783620762428933,0.0,0.0
calibrated,fourth quarter 2018,S3,0.0011908427963538855,0.0019900980038239226,-0.00420252156082933,0.009745677215116398,0.0,0.0
calibrated,covid,S1,0.01162976876427574,-0.06801252468075283,-0.032908300310132595,0.03161151608998635,0.0021689497716895025,0.0
calibrated,covid,S2,0.007440315113967076,-0.02743145210609438,-0.021903875745959898,0.03161152098029866,0.0021689497716895025,0.0
calibrated,covid,S3,0.00802912198999793,0.021780888633088805,-0.022207601496257945,0.012729605507550259,0.0021689497716895025,0.0
calibrated,2022 double,S1,0.0037259560112929677,0.0963606533595745,-0.01160859267726924,0.011211107544088163,0.06258257422988665,0.0
calibrated,2022 double,S2,0.0008889903758333436,-0.026072036923535418,-0.0038988153669729034,0.011211111338954948,0.06258257422988665,0.0
calibrated,2022 double,S3,0.0010697655223118319,-0.009674966031675664,-0.002892492562937599,0.005493595865085974,0.06258257422988665,0.0
calibrated,whole window,S1,0.003099309481100523,0.07657425523121611,-0.052552041221728935,0.0056048923317085384,0.359484364439609,0.0
calibrated,whole window,S2,0.0019499456238020268,-0.03149440536884552,-0.04677907512274664,0.005604892776416264,0.359484364439609,0.0
calibrated,whole window,S3,0.0015314951985613548,-0.14294511329781032,-0.04664833249187159,0.004713711211477575,0.359484364439609,0.0
flat volatility,volmageddon,S1,0.002104529042802995,0.0075920525649783585,-0.004362560635255321,0.007748809933363037,0.0,-0.00403406232035595
flat volatility,volmageddon,S2,0.000396297560260746,-0.0006753318332228032,-0.0010602864826216845,0.007748817434303335,0.0,-0.004456872694264974
flat volatility,volmageddon,S3,0.0011917008739064717,-0.005318767887433123,-0.0034695882034961973,0.007109270940601712,0.0,-0.0023517779422779607
flat volatility,fourth quarter 2018,S1,0.001791442888408688,-0.02079627132666005,-0.004662000741372401,0.014822955340789193,0.0,-0.0005644536702852955
flat volatility,fourth quarter 2018,S2,0.000339622615327053,-0.0035241302268341507,-0.0012160317827672616,0.014822957878016619,0.0,-0.0008247672914196536
flat volatility,fourth quarter 2018,S3,0.000336741689618568,-0.00012324636794371334,-0.0009425175424687281,0.010838109392610738,0.0,-0.0008541011067353175
flat volatility,covid,S1,0.008309209438363135,-0.04841069138869041,-0.017871987360140673,0.02367374789161192,0.0021689497716895025,-0.003320559325912605
flat volatility,covid,S2,0.001918745016954536,-0.007014591609441838,-0.006682834281618023,0.023673752860905947,0.0021689497716895025,-0.0055215700970125394
flat volatility,covid,S3,0.0035831592440281543,1.8706540193446252e-05,-0.010825687036022966,0.02417527783415752,0.0021689497716895025,-0.004445962745969775
flat volatility,2022 double,S1,0.003774436065891116,0.09848586873372904,-0.012282078988778278,0.011478817442687379,0.06258257422988665,4.84800545981481e-05
flat volatility,2022 double,S2,0.0005859652002308002,-0.024883786164763954,-0.0027679313517590923,0.011478821032548806,0.06258257422988665,-0.0003030251756025434
flat volatility,2022 double,S3,0.0006843846711097292,-0.021575000646294255,-0.0017807428197680142,0.01032901114203296,0.06258257422988665,-0.00038538085120210267
flat volatility,whole window,S1,0.002481095750713216,-0.0638016151623999,-0.04887522874234407,0.004533589652653669,0.466029265505058,-0.0006182137303873069
flat volatility,whole window,S2,0.001261535293313324,-0.2165569372557914,-0.05167803372164762,0.004533590334712675,0.466029265505058,-0.0006884103304887028
flat volatility,whole window,S3,0.0016807926679895302,-0.4145727237088075,-0.05156477557757026,0.006656106039083918,0.466029265505058,0.00014929746942817543
long-run vol 17%,volmageddon,S1,0.0056960798352488455,-0.0001684094583409745,-0.01596925006060389,0.024940426685472743,0.0,-0.0004425115279100989
long-run vol 17%,volmageddon,S2,0.004151171078230158,-0.009889226484914887,-0.0120144262773437,0.02494043560556651,0.0,-0.0007019991762955624
long-run vol 17%,volmageddon,S3,0.0035533150258676227,-0.01050412540494723,-0.00864577925129845,0.0077874600701508786,0.0,9.836209683190128e-06
long-run vol 17%,fourth quarter 2018,S1,0.0026182842033208933,-0.03956790467416478,-0.00726234437083448,0.03066972331622405,0.0,0.0002623876446269098
long-run vol 17%,fourth quarter 2018,S2,0.0010522618055790784,-0.019875339692417143,-0.0031270417387504776,0.030669727645532763,0.0,-0.00011212810116762828
long-run vol 17%,fourth quarter 2018,S3,0.001047337352252014,-0.0006211377217999375,-0.003367124232828667,0.012345313897097348,0.0,-0.00014350544410187153
long-run vol 17%,covid,S1,0.013429402894556961,-0.08315191391397708,-0.03418012752429936,0.04070412843498162,0.0021689497716895025,0.0017996341302812212
long-run vol 17%,covid,S2,0.008884242175865642,-0.03736087417713783,-0.02253397587566998,0.04070413638613144,0.0021689497716895025,0.0014439270618985664
long-run vol 17%,covid,S3,0.006435189243225474,0.023076857002076123,-0.016123015726964913,0.01601552713709533,0.0021689497716895025,-0.0015939327467724557
long-run vol 17%,2022 double,S1,0.004078370646455274,0.09212535794797633,-0.011854049760398368,0.015598466485681363,0.06258257422988665,0.00035241463516230654
long-run vol 17%,2022 double,S2,0.0010892614211417068,-0.0431927876795817,-0.005427740334956644,0.015598471045784634,0.06258257422988665,0.0002002710453083632
long-run vol 17%,2022 double,S3,0.0011436066988701078,-0.026304905348486354,-0.0032120009842346157,0.009408151236807672,0.06258257422988665,7.384117655827587e-05
long-run vol 17%,whole window,S1,0.0032460288715767905,0.021072381240733823,-0.0808323321988956,0.004559009669513466,0.450512943089967,0.00014671939047626766
long-run vol 17%,whole window,S2,0.002100053051549802,-0.07783144603863543,-0.0824456065202728,0.004559010736772668,0.450512943089967,0.00015010742774777515
long-run vol 17%,whole window,S3,0.0020096172730986613,-0.22726429766280673,-0.08225153158569062,0.004872522861500655,0.450512943089967,0.00047812207453730654
long-run vol 26%,volmageddon,S1,0.004683737373671007,7.760559374279439e-05,-0.013084550446886455,0.021798733703343596,0.0,-0.0014548539894879376
long-run vol 26%,volmageddon,S2,0.0034725026862858026,-0.007518452335694852,-0.009938477095755802,0.02179874075608755,0.0,-0.0013806675682399177
long-run vol 26%,volmageddon,S3,0.0031014129083840975,-0.008495454878143014,-0.00756039324447473,0.007566294788482951,0.0,-0.00044206590780033507
long-run vol 26%,fourth quarter 2018,S1,0.002179123500280586,-0.031312728618746254,-0.006204005426618133,0.028117105699908385,0.0,-0.00017677305841339768
long-run vol 26%,fourth quarter 2018,S2,0.0009779109858989274,-0.01555795396009944,-0.0030259236653494056,0.028117109521602034,0.0,-0.00018647892084777923
long-run vol 26%,fourth quarter 2018,S3,0.0007819912213601356,0.00014615084632884482,-0.0027316607897663243,0.01111119043879279,0.0,-0.0004088515749937499
long-run vol 26%,covid,S1,0.008371352363353382,-0.052340782449164555,-0.02121003703067945,0.0401618278671396,0.0021689497716895025,-0.003258416400922358
long-run vol 26%,covid,S2,0.004239177596559726,-0.015535951811306997,-0.011887714603556249,0.040161832462406385,0.0021689497716895025,-0.0032011375174073493
long-run vol 26%,covid,S3,0.007586092630595005,0.0073091844930051435,-0.021176634010388717,0.01754766337856453,0.0021689497716895025,-0.00044302935940292425
long-run vol 26%,2022 double,S1,0.0034180179868751755,0.09068628282991575,-0.010030958613567299,0.011159090210388318,0.06258257422988665,-0.00030793802441779223
long-run vol 26%,2022 double,S2,0.000767269668070406,-0.020610645204715044,-0.0030929953521451692,0.011159093399549779,0.06258257422988665,-0.00012172070776293763
long-run vol 26%,2022 double,S3,0.0010790058266833358,-0.007488248405415902,-0.002923618772965244,0.006280695941250263,0.06258257422988665,9.240304371503898e-06
long-run vol 26%,whole window,S1,0.002565537654591395,0.1214583764554373,-0.043601205402464385,0.006701603288728479,0.3538488589969724,-0.0005337718265091278
long-run vol 26%,whole window,S2,0.0014377900453625828,0.025367029655763224,-0.029544325949902195,0.006701603793935959,0.3538488589969724,-0.0005121555784394439
long-run vol 26%,whole window,S3,0.0011475706455495937,-0.03193894157674007,-0.017229503334297104,0.003945913377167125,0.3538488589969724,-0.00038392455301176106
