episode,strategy,delta_total_pct,delta_sd_pct,basis_total_pct,basis_sd_pct,gamma_total_pct,gamma_sd_pct,vega_total_pct,vega_sd_pct,rate_total_pct,rate_sd_pct,theta_total_pct,theta_sd_pct,anniversary_total_pct,anniversary_sd_pct,carry_total_pct,carry_sd_pct,cost_total_pct,cost_sd_pct,residual_total_pct,residual_sd_pct,total_pct,reconciliation_error,residual_share_of_sd,realised_vol,implied_vol_mean,realised_less_implied,years
volmageddon,S0,-0.01814861723543932,0.005459269434434944,6.0148818367133493e-05,0.00012413206207145195,-0.0019710090517672443,0.00027550905315776937,-0.000371061181923554,0.0019000990981200986,0.008108864361613162,0.0018034138257142748,0.0005688852603172437,4.8685776109987616e-05,0.0,0.0,0.0,0.0,0.0,0.0,-0.0066387093562312646,0.0012683190812542247,-0.01839149838506384,0.0,0.14050812726389167,0.27928735665820215,0.24202280333046503,0.03726455332773712,0.038356164383561646
volmageddon,S1,-0.004636550500844161,0.0016525537045298181,6.0148818367133493e-05,0.00012413206207145195,-0.0019710090517672443,0.00027550905315776937,-0.000371061181923554,0.0019000990981200986,0.008019980027377771,0.0017886184587764336,0.0005688852603172437,4.8685776109987616e-05,0.0,0.0,1.648534201793466e-06,1.7045952248291264e-07,-1.726610270713388e-05,3.5958663098557894e-06,-0.007067691057314348,0.0013009181015883962,-0.005412915254292497,0.0,0.22545162975460037,0.27928735665820215,0.24202280333046503,0.03726455332773712,0.038356164383561646
volmageddon,S2,-0.004636551520393326,0.0016525538152914682,6.0148818367133493e-05,0.00012413206207145195,-0.0019710090517672443,0.00027550905315776937,-0.000371061181923554,0.0019000990981200986,-4.523600060898046e-06,2.2871511215765244e-05,0.0005688852603172437,4.8685776109987616e-05,0.0,0.0,3.8971251519848886e-07,1.1216682487100164e-07,-3.0176549980189636e-05,6.1765306328028155e-06,-0.0066149034854485825,0.0012969677204044778,-0.012998801598374219,0.0,0.2842992975077801,0.27928735665820215,0.24202280333046503,0.03726455332773712,0.038356164383561646
volmageddon,S3,-0.0038158218577954706,0.0011834237024045953,6.0148818367133493e-05,0.00012413206207145195,1.871424015268559e-05,4.833304600365078e-05,0.006956926423376812,0.0025366775990547626,1.659050820050275e-05,1.8675670485757745e-05,0.0005688852603172437,4.8685776109987616e-05,0.0,0.0,-1.074350872092335e-05,7.487159501847552e-07,-0.003241663595330209,0.0006820304591370647,-0.005280431413405252,0.0014042747064215793,-0.004727395124837477,0.0,1.0802952530421126,0.27928735665820215,0.24202280333046503,0.03726455332773712,0.038356164383561646
volmageddon,S4,-0.00017248641265907533,0.00011984938260029254,6.0148818367133493e-05,0.00012413206207145195,0.0001195952772831764,2.883091322511129e-05,0.005753140159984132,0.002379776662017165,1.5178046172236823e-05,7.68082189846623e-06,0.0005688852603172437,4.8685776109987616e-05,0.0,0.0,-1.2650532006927946e-05,7.793145019374789e-07,-0.004275011997942408,0.0006238160356562131,-0.00525233849905552,0.0014212581778745975,-0.003195539879540008,0.0,1.0251846113306153,0.27928735665820215,0.24202280333046503,0.03726455332773712,0.038356164383561646
volmageddon,S5,-0.005249101395559853,0.0013988267756513486,6.0148818367133493e-05,0.00012413206207145195,-0.00018025808903930835,3.9850372065887316e-05,0.006224127662846781,0.0021096612277281203,0.000825817893541769,0.0001960093989780971,0.0005688852603172437,4.8685776109987616e-05,0.0,0.0,-9.669157848831008e-06,6.738443551662802e-07,-0.0029174972357971867,0.0006138274132233577,-0.005416259207687846,0.001387800531615794,-0.006093805450860099,0.0,0.9963285349413805,0.27928735665820215,0.24202280333046503,0.03726455332773712,0.038356164383561646
volmageddon,S6,-0.002975089404271025,0.001081224543726454,6.0148818367133493e-05,0.00012413206207145195,9.367808419771601e-05,5.662494037480599e-05,0.008028558534549726,0.002845361470836614,-8.87500389175681e-05,1.0552974639069765e-05,0.0005688852603172437,4.8685776109987616e-05,0.0,0.0,-1.4816555898846727e-05,9.851798761095556e-07,-0.007040851972026561,0.0015080639467190482,-0.00471491626003967,0.0017349074043841854,-0.00608315353372185,0.0,0.9821127584716325,0.27928735665820215,0.24202280333046503,0.03726455332773712,0.038356164383561646
fourth quarter 2018,S0,-0.05885580451483143,0.004143429274518744,0.002365778933357176,0.00011065070737497783,-0.004658729952830492,0.00011955642635743944,-0.005620839592480196,0.0005731952477867516,-0.015753208818129236,0.001596884758867099,0.003563575458127205,4.3609997747544594e-05,0.0,0.0,0.0,0.0,0.0,0.0,-0.0068590279087912,0.00028214965394891025,-0.08581825639557816,0.0,0.05062030685267419,0.17492347010732162,0.19972957156725704,-0.02480610145993542,0.2602739726027397
fourth quarter 2018,S1,-0.002641343615093008,0.00060390299351064,0.002365778933357176,0.00011065070737497783,-0.004658729952830492,0.00011955642635743944,-0.005620839592480196,0.0005731952477867516,-0.015453986358151905,0.0015753173027431378,0.003563575458127205,4.3609997747544594e-05,0.0,0.0,4.982550211063372e-05,9.304121274559405e-07,-3.64922769555268e-05,1.5297704762726002e-06,-0.008848418795922752,0.00030675756398886023,-0.03128063069783886,0.0,0.13851959366654504,0.17492347010732162,0.19972957156725704,-0.02480610145993542,0.2602739726027397
fourth quarter 2018,S2,-0.0026413460898623703,0.0006039030324853086,0.002365778933357176,0.00011065070737497783,-0.004658729952830492,0.00011955642635743944,-0.005620839592480196,0.0005731952477867516,-6.812599761144571e-05,1.381070403259702e-05,0.003563575458127205,4.3609997747544594e-05,0.0,0.0,4.980656860026248e-05,1.2491417503406215e-06,-5.160752647150998e-05,2.618883829759068e-06,-0.00840062086068164,0.00031102018090467515,-0.015462109059853008,0.0,0.28415956799365294,0.17492347010732162,0.19972957156725704,-0.02480610145993542,0.2602739726027397
fourth quarter 2018,S3,-0.0004962118323145172,0.00035922874893149924,0.002365778933357176,0.00011065070737497783,0.0004422026330187106,3.0736414536817455e-05,0.006653138749826664,0.00044165549136432407,-3.12792650608989e-05,9.78733745633117e-06,0.003563575458127205,4.3609997747544594e-05,0.0,0.0,-5.222215598932106e-05,1.7454007755359512e-06,-0.00820421536997852,0.000379220945555133,-0.00671187969528902,0.0003251722562978005,-0.0024711125443025238,0.0,0.5566135297595864,0.17492347010732162,0.19972957156725704,-0.02480610145993542,0.2602739726027397
fourth quarter 2018,S4,-0.00026973237362257186,0.00011228339637871641,0.002365778933357176,0.00011065070737497783,0.00018550786676793183,2.7905061496935732e-05,0.0054798225718548955,0.00045924728016795516,-7.32408408651608e-05,1.3384273105410495e-05,0.003563575458127205,4.3609997747544594e-05,0.0,0.0,-6.730715933105087e-05,1.9962935459648887e-06,-0.00780848074706618,0.0003238400247958581,-0.006587103644747787,0.00032511244264762983,-0.0032111799355255422,0.0,0.6489355824004062,0.17492347010732162,0.19972957156725704,-0.02480610145993542,0.2602739726027397
fourth quarter 2018,S5,-0.006332171100566216,0.0005636468021603709,0.002365778933357176,0.00011065070737497783,-6.78906255662086e-05,2.9126117054791602e-05,0.005425740915595979,0.0003525399109724358,-0.0016034722203677309,0.00016030665885032546,0.003563575458127205,4.3609997747544594e-05,0.0,0.0,-4.699994039038896e-05,1.5708606979823563e-06,-0.007383793832980669,0.0003412988509996197,-0.006726594516639242,0.0003178266097943907,-0.010805826929430093,0.0,0.49285263247728484,0.17492347010732162,0.19972957156725704,-0.02480610145993542,0.2602739726027397
fourth quarter 2018,S6,0.0009148857322183126,0.0003529555612517066,0.002365778933357176,0.00011065070737497783,0.0006292245499430421,3.249875009313531e-05,0.00757927714157663,0.0005107511054207861,0.00014072570616116304,2.2015289616587855e-05,0.003563575458127205,4.3609997747544594e-05,0.0,0.0,-9.719921029476723e-05,1.8926472903229488e-06,-0.015332717111531747,0.0007378364130468515,-0.006025694197405557,0.0004256761751439691,-0.00626214299784854,0.0,0.5088324622122908,0.17492347010732162,0.19972957156725704,-0.02480610145993542,0.2602739726027397
covid,S0,-0.1488012944925388,0.020153278696767668,0.006200294655869506,0.0005393781907852564,-0.009711336795281156,0.0005134570899626344,-0.002159529429214474,0.005375044761574141,-0.03849541144978821,0.006765039714744198,-0.001431350371671408,6.696289833589706e-05,0.0,0.0,0.0,0.0,0.0,0.0,-0.012364291807875951,0.000985124400082595,-0.20676291969050045,0.0,0.034135747775752526,0.692287998172817,0.5493255103793891,0.1429624877934279,0.09041095890410959
covid,S1,0.005235653376880142,0.001890569880766944,0.006200294655869506,0.0005393781907852564,-0.009711336795281156,0.0005134570899626344,-0.002159529429214474,0.005375044761574141,-0.03793622158699137,0.006635472089743911,-0.001431350371671408,6.696289833589706e-05,0.0,0.0,1.967327026068248e-05,6.735197275927066e-07,-2.792028432092329e-05,2.4066897529568396e-06,-0.024121036035438657,0.0015996058419520901,-0.06393177319990766,0.0,0.14632348905590642,0.692287998172817,0.5493255103793891,0.1429624877934279,0.09041095890410959
covid,S2,0.0052356481659468004,0.0018905700972259034,0.006200294655869506,0.0005393781907852564,-0.009711336795281156,0.0005134570899626344,-0.002159529429214474,0.005375044761574141,-0.000980168815870488,9.043258304725597e-05,-0.001431350371671408,6.696289833589706e-05,0.0,0.0,3.5414536428450084e-05,1.2160618618100952e-06,-4.2099294710246825e-05,4.376418286762387e-06,-0.0229324376312257,0.0016335861456898387,-0.025785564979728715,0.0,0.23357311823196403,0.692287998172817,0.5493255103793891,0.1429624877934279,0.09041095890410959
covid,S3,0.0027303907252276723,0.0007529834245898457,0.006200294655869506,0.0005393781907852564,0.004643384218719169,0.0004191639492191608,0.03869214900449491,0.002709341001152717,-0.0007671189338299378,8.509449741319055e-05,-0.001431350371671408,6.696289833589706e-05,0.0,0.0,2.134114858552632e-05,1.719712162679674e-06,-0.0052057604277654925,0.0005158435729390977,-0.026108135878567255,0.002029032570856268,0.018775194141062688,0.0,0.6652590287123077,0.692287998172817,0.5493255103793891,0.1429624877934279,0.09041095890410959
covid,S4,0.0029202529126963776,0.0004742326909010227,0.006200294655869506,0.0005393781907852564,0.00568110653707119,0.00042559723170455224,0.030458670572456742,0.002442410554199558,-3.338394656559926e-05,0.00013092861580906717,-0.001431350371671408,6.696289833589706e-05,0.0,0.0,2.433108427194784e-05,1.7188124353485766e-06,-0.0050666570862352555,0.000489524574059326,-0.025085309903202933,0.0020369070009198078,0.01366795445469057,0.0,0.7020642064165381,0.692287998172817,0.5493255103793891,0.1429624877934279,0.09041095890410959
covid,S5,-0.012422777796548958,0.0021529609778299422,0.006200294655869506,0.0005393781907852564,0.0032079121173191143,0.00035417790326839585,0.034606981161123956,0.0027776906220721553,-0.004539948185425766,0.0007028078254139347,-0.001431350371671408,6.696289833589706e-05,0.0,0.0,1.9207033726973706e-05,1.5477409464117073e-06,-0.004685184384988938,0.000464259215645188,-0.02473375147149808,0.001914387853098301,-0.0037786172420935936,0.0,0.3969131400247308,0.692287998172817,0.5493255103793891,0.1429624877934279,0.09041095890410959
covid,S6,0.004300849315310542,0.0006487802527994447,0.006200294655869506,0.0005393781907852564,0.005522961212729465,0.00046918468545179123,0.04082946739703337,0.002801395388573275,-0.00018984362219762337,9.683166989469426e-05,-0.001431350371671408,6.696289833589706e-05,0.0,0.0,1.3347322251121523e-05,1.831934219528236e-06,-0.014815430672670151,0.0013327378932933764,-0.02853485138740219,0.0023545202298584384,0.011895443849252639,0.0,0.6334928450764726,0.692287998172817,0.5493255103793891,0.1429624877934279,0.09041095890410959
2022 double,S0,-0.08945078335409094,0.0057602544836397275,-0.007967305073182081,0.00034799584251431274,-0.010189018610525348,7.706519680052792e-05,0.00010511109072059627,0.0005792026481767886,0.11621648630668932,0.0038751658281170197,0.002647837189518033,1.7662149863045287e-05,0.0,0.0,0.0,0.0,0.0,0.0,-0.0005033663488364065,0.00010665181555136222,0.010858961200293163,0.0,0.01561210841895512,0.20658800022395823,0.273024965896019,-0.06643696567206075,0.7780821917808219
2022 double,S1,0.0022991279595296703,0.00020489308301829316,-0.007967305073182081,0.00034799584251431274,-0.010189018610525348,7.706519680052792e-05,0.00010511109072059627,0.0005792026481767886,0.11418273922592953,0.003805414521625662,0.002647837189518033,1.7662149863045287e-05,0.0,0.0,0.00040288979942305697,3.119934387542489e-06,-4.90222443941518e-05,8.35351823987503e-07,-0.010853345179019223,0.0001140143081423123,0.09057901415800003,0.0,0.032553206963541796,0.20658800022395823,0.273024965896019,-0.06643696567206075,0.7780821917808219
2022 double,S2,0.0022991245652413403,0.00020489307893010458,-0.007967305073182081,0.00034799584251431274,-0.010189018610525348,7.706519680052792e-05,0.00010511109072059627,0.0005792026481767886,0.001017242390486772,5.2913964547294256e-05,0.002647837189518033,1.7662149863045287e-05,0.0,0.0,-0.00022487495423440126,1.8593745257503138e-06,-6.973917548977864e-05,1.5558079566903387e-06,-0.012126092130658427,0.00020514621055180745,-0.024507714708123293,0.0,0.2454927021213471,0.20658800022395823,0.273024965896019,-0.06643696567206075,0.7780821917808219
2022 double,S3,0.0018313904648661083,0.00011745428666998944,-0.007967305073182081,0.00034799584251431274,-0.0005627581680333134,2.8490086651811875e-05,0.013381330577773345,0.00039551649173987777,0.0008832123402133324,4.842217585755155e-05,0.002647837189518033,1.7662149863045287e-05,0.0,0.0,-0.00022933165617199276,1.8337866321120412e-06,-0.014007793310120925,0.000231205672069339,-0.010150068537963458,0.00022962509237744574,-0.014173486173100951,0.0,0.3513802993000169,0.20658800022395823,0.273024965896019,-0.06643696567206075,0.7780821917808219
2022 double,S4,-0.0014772642624851767,0.00010206755636924017,-0.007967305073182081,0.00034799584251431274,0.0017641326089178307,4.6940154537366046e-05,0.015157124869168844,0.0004667189354139785,0.00217034860798834,9.25001666361135e-05,0.002647837189518033,1.7662149863045287e-05,0.0,0.0,-0.0002107331163993923,1.8690730015106453e-06,-0.012459974962381406,0.00024328221709338458,-0.00985918440320994,0.00023051383234544586,-0.010235018542064954,0.0,0.3636180357159725,0.20658800022395823,0.273024965896019,-0.06643696567206075,0.7780821917808219
2022 double,S5,-0.007296826917029597,0.0005760191353468607,-0.007967305073182081,0.00034799584251431274,-0.0015253842122825174,2.927746274384337e-05,0.012053708629068072,0.0003464491266952882,0.012416539736860925,0.0004006998259244361,0.002647837189518033,1.7662149863045287e-05,0.0,0.0,-0.0002063984905547937,1.6504079689008378e-06,-0.01260701397910884,0.0002080851048624052,-0.009185398319050771,0.00020985584928257024,-0.011670241435761569,0.0,0.2732043027422005,0.20658800022395823,0.273024965896019,-0.06643696567206075,0.7780821917808219
2022 double,S6,0.0037964551113322436,0.00015204292690037115,-0.007967305073182081,0.00034799584251431274,1.1604844836055495e-05,2.8475413987570662e-05,0.014798173883674859,0.000428357116503252,-0.0005319360413983592,5.276833363416158e-05,0.002647837189518033,1.7662149863045287e-05,0.0,0.0,-0.00034257106132612724,2.5248879660208983e-06,-0.024639957772672763,0.000479964776562636,-0.011088878158121101,0.00029498204417138704,-0.023316577077339248,0.0,0.36727307814980104,0.20658800022395823,0.273024965896019,-0.06643696567206075,0.7780821917808219
