as_of,strategy,risk,shock,liability_change,hedge_change,liability_change_pct_av,hedge_change_pct_av,offset_of_liability,residual_pct_av,delta_left_pct_av,rho_left_per_bp_pct_av
2022-12-30,S1,equity,equity_up_10pct,-5466.959801,-5776.379299,-4.090584,-4.322103,1.056598,-0.231519,0.000042,0.051119
2022-12-30,S1,equity,equity_down_10pct,6097.429993,5776.379299,4.562325,4.322103,0.947347,-0.240222,0.000042,0.051119
2022-12-30,S1,rates,rates_up_100bp,-6355.101403,-144.590145,-4.755124,-0.108188,0.022752,4.646937,0.000042,0.051119
2022-12-30,S1,rates,rates_down_100bp,7665.128060,144.229121,5.735335,0.107918,0.018816,-5.627418,0.000042,0.051119
2022-12-30,S1,rates,rates_up_50bp,-3330.425044,-72.249888,-2.491948,-0.054060,0.021694,2.437888,0.000042,0.051119
2022-12-30,S1,rates,rates_down_50bp,3656.677000,72.159632,2.736062,0.053993,0.019734,-2.682070,0.000042,0.051119
2022-12-30,S2,equity,equity_up_10pct,-5466.959801,-5776.379128,-4.090584,-4.322103,1.056598,-0.231519,0.000043,0.000000
2022-12-30,S2,equity,equity_down_10pct,6097.429993,5776.379128,4.562325,4.322103,0.947347,-0.240222,0.000043,0.000000
2022-12-30,S2,rates,rates_up_100bp,-6355.101403,-6818.085480,-4.755124,-5.101546,1.072852,-0.346422,0.000043,0.000000
2022-12-30,S2,rates,rates_down_100bp,7665.128060,7472.108352,5.735335,5.590911,0.974818,-0.144425,0.000043,0.000000
2022-12-30,S2,rates,rates_up_50bp,-3330.425044,-3486.890769,-2.491948,-2.609022,1.046981,-0.117074,0.000043,0.000000
2022-12-30,S2,rates,rates_down_50bp,3656.677000,3650.299662,2.736062,2.731291,0.998256,-0.004772,0.000043,0.000000
2022-12-30,S3,equity,equity_up_10pct,-5466.959801,-5543.514640,-4.090584,-4.147865,1.014003,-0.057281,0.000037,0.000000
2022-12-30,S3,equity,equity_down_10pct,6097.429993,6214.590221,4.562325,4.649989,1.019215,0.087664,0.000037,0.000000
2022-12-30,S3,rates,rates_up_100bp,-6355.101403,-6817.906607,-4.755124,-5.101412,1.072824,-0.346288,0.000037,0.000000
2022-12-30,S3,rates,rates_down_100bp,7665.128060,7469.700837,5.735335,5.589109,0.974504,-0.146226,0.000037,0.000000
2022-12-30,S3,rates,rates_up_50bp,-3330.425044,-3486.548929,-2.491948,-2.608766,1.046878,-0.116818,0.000037,0.000000
2022-12-30,S3,rates,rates_down_50bp,3656.677000,3649.401416,2.736062,2.730618,0.998010,-0.005444,0.000037,0.000000
2023-12-29,S1,equity,equity_up_10pct,-4982.897370,-5355.021372,-3.419660,-3.675041,1.074680,-0.255381,0.000036,0.038879
2023-12-29,S1,equity,equity_down_10pct,5697.878379,5355.021372,3.910337,3.675041,0.939827,-0.235296,0.000036,0.038879
2023-12-29,S1,rates,rates_up_100bp,-5213.091150,-134.043018,-3.577637,-0.091991,0.025713,3.485646,0.000036,0.038879
2023-12-29,S1,rates,rates_down_100bp,6412.112123,133.708329,4.400500,0.091761,0.020852,-4.308739,0.000036,0.038879
2023-12-29,S1,rates,rates_up_50bp,-2748.858254,-66.979621,-1.886485,-0.045967,0.024366,1.840518,0.000036,0.038879
2023-12-29,S1,rates,rates_down_50bp,3051.802763,66.895948,2.094389,0.045909,0.021920,-2.048480,0.000036,0.038879
2023-12-29,S2,equity,equity_up_10pct,-4982.897370,-5355.021230,-3.419660,-3.675041,1.074680,-0.255381,0.000037,0.000000
2023-12-29,S2,equity,equity_down_10pct,5697.878379,5355.021230,3.910337,3.675041,0.939827,-0.235296,0.000037,0.000000
2023-12-29,S2,rates,rates_up_100bp,-5213.091150,-5645.746144,-3.577637,-3.874559,1.082994,-0.296922,0.000037,0.000000
2023-12-29,S2,rates,rates_down_100bp,6412.112123,6185.883687,4.400500,4.245245,0.964719,-0.155256,0.000037,0.000000
2023-12-29,S2,rates,rates_up_50bp,-2748.858254,-2887.165180,-1.886485,-1.981402,1.050314,-0.094917,0.000037,0.000000
2023-12-29,S2,rates,rates_down_50bp,3051.802763,3022.119596,2.094389,2.074018,0.990274,-0.020371,0.000037,0.000000
2023-12-29,S3,equity,equity_up_10pct,-4982.897370,-5176.976446,-3.419660,-3.552852,1.038949,-0.133192,0.000035,0.000000
2023-12-29,S3,equity,equity_down_10pct,5697.878379,6086.758566,3.910337,4.177217,1.068250,0.266880,0.000035,0.000000
2023-12-29,S3,rates,rates_up_100bp,-5213.091150,-5644.832629,-3.577637,-3.873932,1.082819,-0.296295,0.000035,0.000000
2023-12-29,S3,rates,rates_down_100bp,6412.112123,6186.349298,4.400500,4.245564,0.964791,-0.154936,0.000035,0.000000
2023-12-29,S3,rates,rates_up_50bp,-2748.858254,-2886.872043,-1.886485,-1.981201,1.050208,-0.094716,0.000035,0.000000
2023-12-29,S3,rates,rates_down_50bp,3051.802763,3022.171173,2.094389,2.074054,0.990290,-0.020336,0.000035,0.000000
2024-12-31,S1,equity,equity_up_10pct,-3977.456598,-4386.458165,-2.501092,-2.758279,1.102830,-0.257187,0.000027,0.024089
2024-12-31,S1,equity,equity_down_10pct,4800.162586,4386.458165,3.018424,2.758279,0.913814,-0.260144,0.000027,0.024089
2024-12-31,S1,rates,rates_up_100bp,-3493.561994,-109.798645,-2.196811,-0.069043,0.031429,2.127768,0.000027,0.024089
2024-12-31,S1,rates,rates_down_100bp,4461.851694,109.524491,2.805688,0.068871,0.024547,-2.736817,0.000027,0.024089
2024-12-31,S1,rates,rates_up_50bp,-1858.245179,-54.865011,-1.168496,-0.034500,0.029525,1.133996,0.000027,0.024089
2024-12-31,S1,rates,rates_down_50bp,2096.171796,54.796472,1.318108,0.034457,0.026141,-1.283651,0.000027,0.024089
2024-12-31,S2,equity,equity_up_10pct,-3977.456598,-4386.458069,-2.501092,-2.758279,1.102830,-0.257187,0.000028,0.000000
2024-12-31,S2,equity,equity_down_10pct,4800.162586,4386.458069,3.018424,2.758279,0.913814,-0.260144,0.000028,0.000000
2024-12-31,S2,rates,rates_up_100bp,-3493.561994,-3822.246276,-2.196811,-2.403493,1.094083,-0.206682,0.000028,0.000000
2024-12-31,S2,rates,rates_down_100bp,4461.851694,4181.313786,2.805688,2.629281,0.937125,-0.176407,0.000028,0.000000
2024-12-31,S2,rates,rates_up_50bp,-1858.245179,-1953.875668,-1.168496,-1.228630,1.051463,-0.060134,0.000028,0.000000
2024-12-31,S2,rates,rates_down_50bp,2096.171796,2043.589907,1.318108,1.285044,0.974915,-0.033064,0.000028,0.000000
2024-12-31,S3,equity,equity_up_10pct,-3977.456598,-4082.264490,-2.501092,-2.566997,1.026350,-0.065905,0.000022,0.000000
2024-12-31,S3,equity,equity_down_10pct,4800.162586,5032.092340,3.018424,3.164265,1.048317,0.145841,0.000022,0.000000
2024-12-31,S3,rates,rates_up_100bp,-3493.561994,-3821.828750,-2.196811,-2.403231,1.093963,-0.206420,0.000022,0.000000
2024-12-31,S3,rates,rates_down_100bp,4461.851694,4180.354032,2.805688,2.628677,0.936910,-0.177011,0.000022,0.000000
2024-12-31,S3,rates,rates_up_50bp,-1858.245179,-1953.615831,-1.168496,-1.228467,1.051323,-0.059971,0.000022,0.000000
2024-12-31,S3,rates,rates_down_50bp,2096.171796,2043.195121,1.318108,1.284796,0.974727,-0.033313,0.000022,0.000000
2025-12-31,S1,equity,equity_up_10pct,-3564.011318,-4015.183745,-2.120648,-2.389103,1.126591,-0.268455,0.000023,0.019460
2025-12-31,S1,equity,equity_down_10pct,4443.521941,4015.183745,2.643972,2.389103,0.903604,-0.254869,0.000023,0.019460
2025-12-31,S1,rates,rates_up_100bp,-2966.794679,-100.505173,-1.765294,-0.059802,0.033877,1.705492,0.000023,0.019460
2025-12-31,S1,rates,rates_down_100bp,3819.742082,100.254224,2.272812,0.059653,0.026246,-2.213159,0.000023,0.019460
2025-12-31,S1,rates,rates_up_50bp,-1578.536799,-50.221179,-0.939257,-0.029882,0.031815,0.909374,0.000023,0.019460
2025-12-31,S1,rates,rates_down_50bp,1795.094561,50.158441,1.068112,0.029845,0.027942,-1.038267,0.000023,0.019460
2025-12-31,S2,equity,equity_up_10pct,-3564.011318,-4015.183663,-2.120648,-2.389103,1.126591,-0.268455,0.000024,0.000000
2025-12-31,S2,equity,equity_down_10pct,4443.521941,4015.183663,2.643972,2.389103,0.903604,-0.254869,0.000024,0.000000
2025-12-31,S2,rates,rates_up_100bp,-2966.794679,-3237.721902,-1.765294,-1.926500,1.091320,-0.161206,0.000024,0.000000
2025-12-31,S2,rates,rates_down_100bp,3819.742082,3543.244740,2.272812,2.108292,0.927614,-0.164521,0.000024,0.000000
2025-12-31,S2,rates,rates_up_50bp,-1578.536799,-1655.231964,-0.939257,-0.984891,1.048586,-0.045635,0.000024,0.000000
2025-12-31,S2,rates,rates_down_50bp,1795.094561,1731.567639,1.068112,1.030313,0.964611,-0.037800,0.000024,0.000000
2025-12-31,S3,equity,equity_up_10pct,-3564.011318,-3687.897360,-2.120648,-2.194362,1.034760,-0.073714,0.000019,0.000000
2025-12-31,S3,equity,equity_down_10pct,4443.521941,4828.149507,2.643972,2.872832,1.086559,0.228860,0.000019,0.000000
2025-12-31,S3,rates,rates_up_100bp,-2966.794679,-3237.191943,-1.765294,-1.926185,1.091141,-0.160891,0.000019,0.000000
2025-12-31,S3,rates,rates_down_100bp,3819.742082,3543.419763,2.272812,2.108396,0.927659,-0.164417,0.000019,0.000000
2025-12-31,S3,rates,rates_up_50bp,-1578.536799,-1655.062048,-0.939257,-0.984790,1.048479,-0.045534,0.000019,0.000000
2025-12-31,S3,rates,rates_down_50bp,1795.094561,1731.574412,1.068112,1.030317,0.964615,-0.037796,0.000019,0.000000
