base_value,account_value,equity_up_10pct,equity_down_10pct,rates_up_100bp,rates_down_100bp,rates_up_50bp,rates_down_50bp,gwb_over_av,base_value_pct_av,equity_up_10pct_pct_av,equity_down_10pct_pct_av,rates_up_100bp_pct_av,rates_down_100bp_pct_av,rates_up_50bp_pct_av,rates_down_50bp_pct_av
-3112.5802,100000.0000,-274.1609,274.1643,-3951.6928,4910.7382,-2085.9495,2325.7002,0.4000,-3.1126,-0.2742,0.2742,-3.9517,4.9107,-2.0859,2.3257
-3289.5904,100000.0000,-281.0483,308.8266,-3896.9232,4842.1382,-2056.9754,2293.2923,0.6000,-3.2896,-0.2810,0.3088,-3.8969,4.8421,-2.0570,2.2933
-2981.0891,100000.0000,-599.0517,1063.0200,-3971.9237,4943.1913,-2097.3685,2340.2572,0.8000,-2.9811,-0.5991,1.0630,-3.9719,4.9432,-2.0974,2.3403
-1974.7436,100000.0000,-1171.4840,1974.7436,-4206.1683,5235.7804,-2221.0284,2478.5019,0.9000,-1.9747,-1.1715,1.9747,-4.2062,5.2358,-2.2210,2.4785
0.0000,100000.0000,-2021.2170,3037.5115,-4627.0911,5742.7203,-2441.4775,2719.8107,1.0000,0.0000,-2.0212,3.0375,-4.6271,5.7427,-2.4415,2.7198
2985.7040,100000.0000,-2985.7040,4035.3160,-5207.3509,6425.4250,-2743.6678,3047.7087,1.1000,2.9857,-2.9857,4.0353,-5.2074,6.4254,-2.7437,3.0477
6844.6003,100000.0000,-3901.8385,4864.4522,-5892.3208,7217.0083,-3098.3583,3429.2310,1.2000,6.8446,-3.9018,4.8645,-5.8923,7.2170,-3.0984,3.4292
16415.3186,100000.0000,-5319.5343,6050.5714,-7388.8777,8908.6181,-3869.3225,4248.2470,1.4000,16.4153,-5.3195,6.0506,-7.3889,8.9086,-3.8693,4.2482
27524.9267,100000.0000,-6265.6778,6824.7065,-8902.9024,10600.4522,-4646.7218,5069.9708,1.6000,27.5249,-6.2657,6.8247,-8.9029,10.6005,-4.6467,5.0700
