expiry,maturity,n_pairs,forward,discount,parity_r2,parity_max_resid,curve_date,implied_rate,treasury_zero,spread_bp
2026-10-16,0.049315,37,7724.770483,0.997519,1.000000,0.394808,2026-09-24,0.050368,0.040975,93.920991
2026-11-20,0.145205,42,7750.351846,0.993342,1.000000,0.203106,2026-09-24,0.046005,0.041692,43.137550
2026-12-18,0.221918,44,7770.788024,0.989678,1.000000,0.271543,2026-09-24,0.046755,0.042219,45.367132
2027-01-15,0.298630,44,7802.131524,0.985411,1.000000,0.199574,2026-09-24,0.049214,0.042708,65.060251
2027-02-19,0.394521,44,7831.232892,0.981031,1.000000,0.131871,2026-09-24,0.048542,0.043270,52.717972
2027-03-19,0.471233,44,7853.348760,0.977612,1.000000,0.183485,2026-09-24,0.048049,0.043684,43.646890
2027-04-16,0.547945,44,7881.297956,0.973743,1.000000,0.228788,2026-09-24,0.048558,0.044069,44.898937
2027-05-21,0.643836,44,7913.901513,0.968988,1.000000,0.238594,2026-09-24,0.048930,0.044510,44.196864
2027-06-17,0.717808,44,7938.883884,0.965039,1.000000,0.236226,2026-09-24,0.049577,0.044824,47.525801
2027-07-16,0.797260,44,7968.084234,0.961145,1.000000,0.353562,2026-09-24,0.049708,0.045137,45.711655
2027-08-20,0.893151,44,8002.598617,0.956121,1.000000,0.329887,2026-09-24,0.050239,0.045484,47.549315
2027-09-17,0.969863,44,8028.386202,0.952389,1.000000,0.220913,2026-09-24,0.050297,0.045740,45.578606
2027-10-15,1.046575,33,8057.931274,0.948323,1.000000,0.238252,2026-09-24,0.050699,0.045977,47.223247
2027-12-17,1.219178,22,8119.444616,0.939716,1.000000,0.315020,2026-09-24,0.051000,0.046451,45.486890
2028-01-21,1.315068,19,8161.383947,0.935180,1.000000,0.417965,2026-09-24,0.050960,0.046683,42.778421
2028-06-16,1.717808,40,8312.055340,0.914819,1.000000,0.397113,2026-09-24,0.051827,0.047458,43.690721
2028-12-15,2.216438,22,8502.082764,0.891238,0.999997,0.962705,2026-09-24,0.051950,0.048102,38.474298
2029-12-21,3.232877,11,8916.478968,0.841127,1.000000,0.050000,2026-09-24,0.053517,0.048865,46.510579
