as_of,shock,model_pct_av,disclosed_pct_av,ratio,sign_agrees
2022-12-30,equity_down_10pct,3.8473,1.4661,2.6241,True
2023-12-29,equity_down_10pct,3.3603,1.1792,2.8496,True
2024-12-31,equity_down_10pct,2.4612,0.9556,2.5755,True
2025-12-31,equity_down_10pct,2.2797,0.8494,2.6839,True
2022-12-30,equity_up_10pct,-3.1662,-1.2181,2.5993,True
2023-12-29,equity_up_10pct,-2.5338,-0.9335,2.7143,True
2024-12-31,equity_up_10pct,-1.7739,-0.7525,2.3573,True
2025-12-31,equity_up_10pct,-1.6161,-0.6658,2.4273,True
2022-12-30,rates_up_50bp,-2.9830,-1.1312,2.6370,True
2023-12-29,rates_up_50bp,-2.2717,-1.0087,2.2521,True
2024-12-31,rates_up_50bp,-1.6432,-0.7551,2.1761,True
2022-12-30,rates_down_50bp,3.3354,1.2595,2.6482,True
2023-12-29,rates_down_50bp,2.5747,1.1259,2.2868,True
2024-12-31,rates_down_50bp,1.8729,0.8744,2.1419,True
2024-12-31,rates_up_100bp,-3.0772,-1.4009,2.1966,True
2025-12-31,rates_up_100bp,-2.7994,-1.2605,2.2208,True
2024-12-31,rates_down_100bp,3.9969,1.8606,2.1482,True
2025-12-31,rates_down_100bp,3.6730,1.6463,2.2311,True
