as_of,issue_date,issue_age,attained_age,gawa_pct,attribution,account_value,benefit_base,base_value,equity_down_10pct,rates_up_100bp
2022-12-30,2016-09-26,60,66,4.000,1.000,112962.522,137581.362,-9537.560,4654.472,-5737.585
2022-12-30,2018-06-29,63,67,4.000,0.749,105978.079,128723.344,-2562.247,3772.260,-5035.338
2022-12-30,2020-06-30,66,68,5.550,1.000,99501.406,123016.033,11335.296,4828.282,-7439.386
2022-12-30,2022-06-30,69,69,5.550,1.000,99273.036,100000.000,69.211,2815.586,-5360.092
2023-12-29,2016-09-26,60,67,4.000,1.000,127079.137,137581.362,-19289.971,4546.533,-4622.600
2023-12-29,2018-06-29,63,68,4.000,0.749,119510.253,128723.344,-10787.028,3587.707,-4009.033
2023-12-29,2020-06-30,66,69,5.550,1.000,109962.458,123016.033,1436.998,5052.737,-6539.778
2023-12-29,2022-06-30,69,70,5.550,1.000,111364.788,104041.167,-6639.411,2536.288,-4790.496
2024-12-31,2016-09-26,60,68,4.000,1.000,142684.807,140909.681,-27198.642,3900.623,-3434.100
2024-12-31,2018-06-29,63,69,4.000,0.749,134016.508,128723.344,-17261.409,2670.417,-2886.745
2024-12-31,2020-06-30,66,70,5.550,1.000,121070.533,123016.033,-8004.136,3915.305,-5023.200
2024-12-31,2022-06-30,69,71,5.550,1.000,124071.510,118960.487,-10981.269,3171.697,-4381.628
2024-12-31,2024-06-28,72,72,5.750,0.634,106067.231,100000.000,-684.411,1795.831,-3596.394
2025-12-31,2016-09-26,60,69,4.000,1.000,154932.161,152636.873,-30145.934,4293.209,-3444.851
2025-12-31,2018-06-29,63,70,4.000,0.749,145307.379,135161.560,-19595.051,2683.339,-2795.454
2025-12-31,2020-06-30,66,71,5.550,1.000,128841.133,123016.033,-11159.976,3432.990,-4741.111
2025-12-31,2022-06-30,69,72,5.550,1.000,132554.108,123298.763,-13164.426,3096.007,-4311.721
2025-12-31,2024-06-28,72,73,5.750,0.634,113228.011,105322.075,-1767.780,1879.317,-3598.781
