sample,arm,strategy,paths,variance_removed_p10,variance_removed_median,variance_removed_p90,realised_variance_removed,realised_percentile,residual_sd_median_pct,residual_sd_p90_pct,cost_median_pct,worst_day_median_pct,worst_day_p10_pct,worst_day_improved_share,total_pnl_median_pct,outside_design_median,beat_unhedged_share
all,as drawn,S1,30,0.6129492500616235,0.7067808783398988,0.7591114089049585,0.7767658920260735,0.9333333333333333,0.0036507816976040814,0.0053324575997457276,0.0003031055271313708,-0.059665204596653254,-0.17002350799725152,0.7,-0.07015188770595396,0.4273994582090126,1.0
all,as drawn,S2,30,0.7043742163720086,0.813365423614552,0.8899571601619972,0.9116359425440985,0.9666666666666667,0.0029816070566751267,0.004839252135511599,0.00046895430930274184,-0.06173856455360126,-0.17271672327406187,0.6333333333333333,-0.19848386311674082,0.4273994582090126,1.0
all,as drawn,S3,30,0.752503530914867,0.8723041572371932,0.9308825445560934,0.9562602455766164,1.0,0.0024799564016184748,0.0043226096837666724,0.12674682036429935,-0.06266191720757523,-0.17486665670240603,0.6333333333333333,-0.2629962358590576,0.4273994582090126,1.0
all,re-centred,S1,30,0.6327147087432264,0.6960539228105576,0.7367699079083961,0.7767658920260735,1.0,0.0030349497649825113,0.0037754470337007452,0.00028314749733978663,-0.04637075835938913,-0.07520361486132322,0.7333333333333333,-0.005500560956160677,0.25518630246883056,1.0
all,re-centred,S2,30,0.7904193153761334,0.8558746617726389,0.877325873782636,0.9116359425440985,1.0,0.0021042834502268976,0.002773869309223846,0.00041290672116093077,-0.04916668546990835,-0.07851180802082994,0.7,-0.12820219778529557,0.25518630246883056,1.0
all,re-centred,S3,30,0.8266273097527422,0.8940743047070026,0.9441224644654537,0.9562602455766164,1.0,0.001671260255449152,0.0025469212195925297,0.09215370038149376,-0.0491702216179013,-0.07839694865699626,0.6666666666666666,-0.16333201853432244,0.25518630246883056,1.0
comparable,as drawn,S1,12,0.6662828925860539,0.7310376407473285,0.7886195874725062,0.7767658920260735,0.8333333333333334,0.002826797853652037,0.003964937863045506,0.0002787153961837256,-0.030207332219234988,-0.06804931347906681,0.9166666666666666,-0.009309656806264902,0.2172944518624752,1.0
comparable,as drawn,S2,12,0.813972652804706,0.8697188648552913,0.9042419423532839,0.9116359425440985,0.9166666666666666,0.0019129727848787696,0.0029945755357638363,0.00040371279548472234,-0.03007465825844159,-0.07127672875281361,0.8333333333333334,-0.12221035912560732,0.2172944518624752,1.0
comparable,as drawn,S3,12,0.8497703503789749,0.9286092068587891,0.9398986431352155,0.9562602455766164,1.0,0.0015416556132919774,0.0026529855647618133,0.08142435701074444,-0.027343156002876682,-0.07097613609674316,0.8333333333333334,-0.1308980759255015,0.2172944518624752,1.0
comparable,re-centred,S1,24,0.6343638659537704,0.6960539228105576,0.7337909168560636,0.7767658920260735,1.0,0.002982289526793248,0.003702672385055299,0.0002831695889198724,-0.04611421534604803,-0.06660614208455645,0.75,-0.002075192023054348,0.23269428372044465,1.0
comparable,re-centred,S2,24,0.8226173468721494,0.8611603741824527,0.8763578969778818,0.9116359425440985,1.0,0.0020658659359867352,0.0026136982265937154,0.00040332995415988523,-0.04697587792581385,-0.07004509921564332,0.7083333333333334,-0.14949972162971417,0.23269428372044465,1.0
comparable,re-centred,S3,24,0.8359652128633106,0.9017732199332025,0.942364907140572,0.9562602455766164,1.0,0.001671260255449152,0.002460879130523597,0.07068812011309142,-0.04699467959967175,-0.07010732310033675,0.6666666666666666,-0.1503589315433887,0.23269428372044465,1.0
