fee_pct,value,value_pct_of_account,pv_claims,pv_fees,std_error
0.000500,17.431250,0.174312,28.706708,11.275458,0.138388
0.002000,16.605746,0.166057,29.723320,13.117574,0.140195
0.005000,15.078804,0.150788,31.750336,16.671531,0.143735
0.012500,11.892746,0.118927,36.732170,24.839424,0.151556
0.020000,9.552162,0.095522,41.628452,32.076290,0.159183
0.030000,7.510803,0.075108,47.996725,40.485922,0.168977
0.040000,6.588612,0.065886,54.296174,47.707562,0.181019
0.050000,6.468752,0.064688,60.410767,53.942015,0.192102
0.060000,6.966201,0.069662,66.325408,59.359207,0.202948
0.080000,9.908234,0.099082,78.226182,68.317947,0.226218
