as_of,elapsed_years,weight,index_since_issue,embedded_derivative_pct_of_account,equity_exposure_pct_of_account,equity_up_10pct_pct_of_account,equity_down_10pct_pct_of_account,share_capped,reachable
2022-12-30,0,1.000000,1.000000,15.861553,0.488412,0.044937,-0.052911,0.262970,True
2022-12-30,1,0.000000,,,,,,,False
2022-12-30,2,0.000000,,,,,,,False
2022-12-30,3,0.000000,,,,,,,False
2022-12-30,4,0.000000,,,,,,,False
2022-12-30,5,0.000000,,,,,,,False
2023-12-29,0,0.640736,1.000000,15.861553,0.488412,0.044937,-0.052911,0.262970,True
2023-12-29,1,0.359264,1.257876,27.299644,0.442026,0.039179,-0.050023,0.430200,True
2023-12-29,2,0.000000,,,,,,,False
2023-12-29,3,0.000000,,,,,,,False
2023-12-29,4,0.000000,,,,,,,False
2023-12-29,5,0.000000,,,,,,,False
2024-12-31,0,0.553359,1.000000,15.861553,0.488412,0.044937,-0.052911,0.262970,True
2024-12-31,1,0.286179,1.251880,27.087862,0.445055,0.039479,-0.050334,0.425560,True
2024-12-31,2,0.160462,1.578656,38.177266,0.324204,0.027803,-0.038400,0.627860,True
2024-12-31,3,0.000000,,,,,,,False
2024-12-31,4,0.000000,,,,,,,False
2024-12-31,5,0.000000,,,,,,,False
2025-12-31,0,0.423873,1.000000,15.861553,0.488412,0.044937,-0.052911,0.262970,True
2025-12-31,1,0.318805,1.181468,24.406455,0.481237,0.043029,-0.053897,0.368340,True
2025-12-31,2,0.164875,1.479056,35.906861,0.373872,0.032160,-0.044257,0.569130,True
2025-12-31,3,0.092447,1.865131,45.796713,0.220636,0.018423,-0.027135,0.768510,True
2025-12-31,4,0.000000,,,,,,,False
2025-12-31,5,0.000000,,,,,,,False
