funding_spread,cap,annualised_cap,funding_available_pct_of_premium,credit_cost_pct_of_premium,margin_pct_of_premium,cap_binds
0.010000,0.400000,0.057681,25.012609,9.491745,15.520865,False
0.010000,0.600000,0.081484,25.012609,13.861433,11.151176,False
0.010000,0.800000,0.102924,25.012609,16.651714,8.360895,False
0.010000,1.000000,0.122462,25.012609,18.335828,6.676781,False
0.015000,0.400000,0.057681,27.228822,9.491745,17.737077,False
0.015000,0.600000,0.081484,27.228822,13.861433,13.367388,False
0.015000,0.800000,0.102924,27.228822,16.651714,10.577107,False
0.015000,1.000000,0.122462,27.228822,18.335828,8.892994,False
0.020000,0.400000,0.057681,29.379535,9.491745,19.887790,False
0.020000,0.600000,0.081484,29.379535,13.861433,15.518102,False
0.020000,0.800000,0.102924,29.379535,16.651714,12.727821,False
0.020000,1.000000,0.122462,29.379535,18.335828,11.043707,False
