policy_year,paths_in_force,share_floor_binds,guarantee_reserve_pct_of_account,median_guarantee_reserve_pct_of_account
1,20000,0.77095,-0.16298166022825494,-0.21143683202047325
2,20000,0.7429,-0.14072959419809092,-0.1891121749043298
3,19999,0.7164358217910896,-0.1176158734615515,-0.1655136240692976
4,19999,0.687584379218961,-0.09445175865892746,-0.14111421486081627
5,19997,0.6571485722858429,-0.07147240920128846,-0.11782826447566885
6,19940,0.6294383149448345,-0.054500338278733566,-0.10361685629442091
7,19817,0.6031689963162941,-0.036635535037531336,-0.08721584577514611
8,19563,0.5807391504370495,-0.021481266021449456,-0.07180481598026511
9,19154,0.5636942675159236,-0.00944076072232752,-0.06040039688407037
10,18581,0.5498627630375115,-0.001176856832135159,-0.05195673871343237
11,17867,0.5403257401914143,0.0036022789491830013,-0.046292972486003024
12,17029,0.5360855012038288,0.005505244219683907,-0.04284801025359987
13,16027,0.5401509951956074,0.0033425987712579356,-0.042243026437697624
14,15013,0.543462332645041,0.0005964451517066913,-0.041076015392614684
15,13992,0.5484562607204116,-0.0027686730671586833,-0.0410220036535018
16,12998,0.5562394214494537,-0.005979856884895502,-0.04047132532117505
17,12008,0.5656229180546303,-0.009660581999176611,-0.04127638490449603
18,11147,0.572261595047995,-0.011516533451373448,-0.0397462180382145
19,10284,0.5824581874756904,-0.013410369418490565,-0.03826085688405657
20,9436,0.595803306485799,-0.015495927086871121,-0.03618991853014099
21,8723,0.5986472543849592,-0.016024216836791196,-0.03339908506423601
22,8011,0.608413431531644,-0.0166251379040477,-0.031422232940247305
23,7353,0.616483068135455,-0.016989740561181885,-0.02937899019959586
24,6721,0.6214848980806428,-0.017210407009971684,-0.027207738815418367
25,6168,0.6199740596627756,-0.01695552174326878,-0.0249395875421285
26,5667,0.5999647079583554,-0.016342102752657062,-0.023153462984046295
27,5160,0.5534883720930233,-0.016003137217013106,-0.02136756966606439
28,4710,0.48450106157112527,-0.015555463916145148,-0.019686329675254903
29,4307,0.4107267239377757,-0.01500758217992702,-0.01792460564908564
30,3944,0.3504056795131846,-0.014407391432571474,-0.016614376543680053
31,3635,0.2940852819807428,-0.013324665489983633,-0.015145558844852205
32,3336,0.2485011990407674,-0.012190608177833533,-0.013640663070845094
33,3032,0.21767810026385223,-0.010957185343822963,-0.012040428767094151
34,2772,0.193001443001443,-0.009042270103110412,-0.009904762239529883
35,2532,0.1457345971563981,-0.00578803526756171,-0.006522331943291148
