policy_year,mean_accumulated_tail,mean_accumulated_all,share_of_tail_peaking_here
1,-2.3389155731142077,-2.480911370722163,0.0
2,-4.451533524181627,-4.9436919421738725,0.0
3,-6.329623987345103,-7.345319658728657,0.0
4,-7.963164411338491,-9.676550815233066,0.0
5,-9.3575735284782,-11.931128323912228,0.0
6,-10.613485083453954,-14.121555007814642,0.0
7,-11.446487599360976,-16.07657159495898,0.0
8,-11.632564718231666,-17.79098487198937,0.0
9,-10.890755131163546,-19.246549731453094,0.0
10,-8.93149604343121,-20.423086492058314,0.0
11,-5.788556235946362,-21.31124194339102,0.0
12,-2.1578027395287425,-21.920419441227796,0.0
13,1.3242717374466442,-22.26585586791544,0.0
14,4.522254998420036,-22.36416792951755,0.0
15,7.437088404664302,-22.26244680597148,0.0
16,10.07639466882994,-22.001417737763575,0.0
17,12.447800148793814,-21.620123116746523,0.0
18,14.560302549312631,-21.161241591541188,0.0
19,16.42620394663011,-20.656221061412992,0.0
20,18.05881795464651,-20.13371225029643,0.0
21,19.47019101626501,-19.617811590794044,0.0
22,20.67810523869421,-19.12819144580121,0.0
23,21.697438403599982,-18.67500691838512,0.0
24,22.545218443710468,-18.269297301347372,0.0
25,23.238990839083396,-17.915547985502066,0.0
26,23.795782827588276,-17.616121576928233,0.0
27,24.235510401818516,-17.368376355972348,0.0
28,24.574255468393993,-17.16935966562795,0.0
29,24.830011690852412,-17.01364088613665,0.0
30,25.017405954872668,-16.89624130618231,0.0
31,25.15145729644855,-16.81017803114279,0.0
32,25.244556533004637,-16.749190309465632,0.0
33,25.306577703634925,-16.707847995840932,0.0
34,25.34666024130851,-16.680644203214733,0.0
35,25.3713348438778,-16.663701466725588,1.0
