policy_year,years_to_anniversary,account_over_base,value,equity_exposure,equity_gamma,vega,rho_per_bp,theta_per_year,outside_design
5,0.9000,0.9000,-66.2473,-28598.2830,87085.2955,1968.5533,-28.4117,-80.4301,False
5,0.5000,0.9000,-98.4193,-36948.4366,74342.4131,2319.2229,-31.7846,-80.4301,False
5,0.1000,0.9000,-130.5913,-45298.5901,61599.5307,2669.8926,-35.1576,-80.4301,False
9,0.9000,0.9000,-2803.7026,-25101.3437,67826.3537,4461.0878,-29.8830,-213.1329,False
9,0.5000,0.9000,-2888.9558,-27099.6264,77362.2621,3391.8210,-30.2460,-213.1329,False
9,0.1000,0.9000,-2974.2089,-29097.9091,86898.1706,2322.5542,-30.6090,-213.1329,False
5,0.9000,1.2000,-7591.0800,-27492.4907,-25121.7436,2034.2639,-17.0277,3323.4633,True
5,0.5000,1.2000,-6261.6947,-12406.5241,-448.5403,2841.8904,-21.0328,3323.4633,True
5,0.1000,1.2000,-4932.3094,2679.4426,24224.6629,3649.5169,-25.0379,3323.4633,True
9,0.9000,1.2000,-9301.5509,-24529.5207,-24067.7185,5238.6237,-21.8805,1118.4813,True
9,0.5000,1.2000,-8854.1584,-19690.6108,-17295.7733,4421.8763,-23.7878,1118.4813,True
9,0.1000,1.2000,-8406.7659,-14851.7008,-10523.8281,3605.1289,-25.6951,1118.4813,True
