maturity,n_quotes,mean_market_vol,bias_vol,rmse_vol,worst_vol
0.14246575342465753,107,0.20976073171319162,-0.0013903146905603837,0.00849152911406619,0.02004801538428208
0.2191780821917808,106,0.20146485685765841,-0.001420254242144466,0.005216037210458013,0.010857706102665177
0.2958904109589041,105,0.1954840162602462,0.0008003956789296596,0.003521643610411888,0.006460120013518783
0.3917808219178082,105,0.19318784292732588,0.0015910820562274092,0.0030410272583636074,0.004686502181216912
0.4684931506849315,104,0.1926811414315672,0.0009315406828402122,0.002314580428557019,0.003432957368819489
0.5452054794520548,103,0.1922559813106737,0.001042977971571889,0.0018075169686711582,0.002866686703765664
0.6410958904109589,102,0.19313887919843623,0.0002524643690280708,0.0008979102298110165,0.0014708666974717899
0.7150684931506849,101,0.19317066206063302,0.0002962271365843938,0.0006521120184760212,0.00122307457339918
0.7945205479452054,100,0.19358465916610587,0.00022088105167315463,0.00043596444682975164,0.0012581822738465809
0.8904109589041096,99,0.1949786389355858,-0.0006007848402779343,0.0008517054608141079,0.001738190105544657
0.9671232876712329,97,0.19709165381206226,-0.0008819268594793471,0.0011995102565454706,0.002328521234664538
1.0438356164383562,72,0.19167299075295346,-0.0007335020103609745,0.0012691751717785339,0.0024014954360338514
1.2164383561643837,48,0.1978947792399999,-0.0008880895088936748,0.0016902434225640635,0.0030378160940015553
1.3123287671232877,69,0.19944450304411013,-0.00018869950982080985,0.0017055338144494976,0.003177765039836522
1.715068493150685,90,0.1990998596416966,7.017225555921405e-05,0.002395631171560319,0.004427430181615399
2.213698630136986,42,0.20138344316551515,5.82192627855799e-05,0.002714352013167097,0.005023770853305604
3.23013698630137,18,0.20771455616265963,-0.0026772477824740593,0.003859807676658308,0.006824253466185065
