date,VIX6M,SKEW
2015-01-02,20.24,128.66
2015-01-05,21.40,127.79
2015-01-06,21.73,125.27
2015-01-07,20.92,123.56
2015-01-08,19.56,124.77
2015-01-09,20.16,121.69
2015-01-12,20.92,121.09
2015-01-13,21.32,122.20
2015-01-14,21.48,132.66
2015-01-15,22.03,120.77
2015-01-16,21.59,131.39
2015-01-20,21.09,123.63
2015-01-21,20.72,134.30
2015-01-22,19.54,139.13
2015-01-23,19.82,132.09
2015-01-26,19.36,135.02
2015-01-27,20.07,128.43
2015-01-28,21.82,123.76
2015-01-29,20.66,130.45
2015-01-30,21.87,125.36
2015-02-02,21.21,129.98
2015-02-03,20.37,129.78
2015-02-04,20.95,126.20
2015-02-05,20.31,127.54
2015-02-06,20.87,125.62
2015-02-09,21.45,129.85
2015-02-10,20.71,126.51
2015-02-11,20.65,128.39
2015-02-12,19.79,129.95
2015-02-13,19.43,126.04
2015-02-17,19.62,127.42
2015-02-18,19.67,135.00
2015-02-19,19.62,131.30
2015-02-20,19.11,125.24
2015-02-23,19.04,134.66
2015-02-24,18.39,136.26
2015-02-25,18.42,136.33
2015-02-26,18.47,126.20
2015-02-27,18.41,126.40
2015-03-02,18.00,126.01
2015-03-03,18.28,123.09
2015-03-04,18.39,127.89
2015-03-05,18.13,127.26
2015-03-06,18.70,124.65
2015-03-09,18.57,124.16
2015-03-10,19.43,123.53
2015-03-11,19.67,123.72
2015-03-12,18.71,121.53
2015-03-13,19.16,120.60
2015-03-16,18.66,122.83
2015-03-17,18.80,125.44
2015-03-18,17.95,128.51
2015-03-19,18.40,127.95
2015-03-20,18.16,131.09
2015-03-23,18.18,127.12
2015-03-24,18.29,126.82
2015-03-25,19.09,122.96
2015-03-26,18.99,122.86
2015-03-27,18.77,121.80
2015-03-30,18.45,122.69
2015-03-31,19.12,120.35
2015-04-01,19.10,120.76
2015-04-02,18.86,119.92
2015-04-06,18.58,120.05
2015-04-07,18.65,121.34
2015-04-08,18.34,124.24
2015-04-09,17.82,125.87
2015-04-10,17.47,127.22
2015-04-13,18.07,117.46
2015-04-14,17.93,123.64
2015-04-15,17.53,119.71
2015-04-16,17.47,120.37
2015-04-17,18.06,122.24
2015-04-20,17.73,124.16
2015-04-21,17.73,122.77
2015-04-22,17.48,124.07
2015-04-23,17.46,123.26
2015-04-24,17.43,119.95
2015-04-27,17.83,122.84
2015-04-28,17.40,124.02
2015-04-29,17.78,125.36
2015-04-30,18.30,115.96
2015-05-01,17.52,122.37
2015-05-04,17.55,121.68
2015-05-05,18.15,122.22
2015-05-06,18.48,119.74
2015-05-07,18.37,120.73
2015-05-08,17.58,122.93
2015-05-11,17.98,115.96
2015-05-12,18.01,123.92
2015-05-13,17.89,126.04
2015-05-14,17.58,127.63
2015-05-15,17.41,127.56
2015-05-18,17.21,126.91
2015-05-19,17.05,126.28
2015-05-20,16.99,125.01
2015-05-21,16.65,121.11
2015-05-22,16.72,124.86
2015-05-26,17.35,123.06
2015-05-27,16.92,123.60
2015-05-28,17.03,125.37
2015-05-29,17.33,122.50
2015-06-01,17.31,122.43
2015-06-02,17.49,121.17
2015-06-03,17.27,124.59
2015-06-04,17.85,121.98
2015-06-05,17.75,119.62
2015-06-08,18.16,118.33
2015-06-09,17.96,119.40
2015-06-10,17.04,120.83
2015-06-11,16.82,125.32
2015-06-12,17.15,119.26
2015-06-15,18.02,119.25
2015-06-16,17.79,120.23
2015-06-17,17.72,119.09
2015-06-18,17.19,120.17
2015-06-19,17.61,119.50
2015-06-22,16.89,120.52
2015-06-23,16.51,122.78
2015-06-24,16.91,119.52
2015-06-25,16.97,122.68
2015-06-26,16.86,123.07
2015-06-29,19.08,124.54
2015-06-30,18.95,123.88
2015-07-01,17.75,120.14
2015-07-02,18.34,121.52
2015-07-06,18.51,118.68
2015-07-07,17.84,117.37
2015-07-08,19.39,118.25
2015-07-09,19.75,120.34
2015-07-10,18.62,118.52
2015-07-13,17.01,121.57
2015-07-14,16.83,123.11
2015-07-15,16.84,123.06
2015-07-16,16.38,124.67
2015-07-17,16.13,127.91
2015-07-20,16.25,125.06
2015-07-21,16.40,124.90
2015-07-22,16.36,130.42
2015-07-23,16.64,123.18
2015-07-24,17.12,126.32
2015-07-27,17.78,126.67
2015-07-28,16.80,123.52
2015-07-29,16.52,121.03
2015-07-30,16.37,122.06
2015-07-31,16.45,124.20
2015-08-03,16.37,119.32
2015-08-04,16.61,119.79
2015-08-05,16.46,119.10
2015-08-06,16.90,126.09
2015-08-07,16.79,117.82
2015-08-10,16.49,121.54
2015-08-11,17.15,124.37
2015-08-12,17.14,119.97
2015-08-13,17.09,119.96
2015-08-14,16.96,119.37
2015-08-17,16.71,120.27
2015-08-18,17.03,124.34
2015-08-19,17.56,122.14
2015-08-20,19.10,118.76
2015-08-21,22.33,130.04
2015-08-24,27.36,129.46
2015-08-25,26.89,126.78
2015-08-26,24.37,124.35
2015-08-27,23.38,126.31
2015-08-28,24.00,130.38
2015-08-31,25.45,129.36
2015-09-01,27.39,125.35
2015-09-02,25.31,125.35
2015-09-03,25.44,132.43
2015-09-04,26.25,142.19
2015-09-08,25.02,132.37
2015-09-09,26.04,137.03
2015-09-10,24.71,131.42
2015-09-11,24.87,118.18
2015-09-14,24.27,142.93
2015-09-15,22.84,136.00
2015-09-16,21.57,142.16
2015-09-17,21.44,137.49
2015-09-18,22.90,119.47
2015-09-21,21.85,135.45
2015-09-22,23.14,135.94
2015-09-23,22.79,136.71
2015-09-24,23.20,134.03
2015-09-25,23.55,135.16
2015-09-28,25.33,134.18
2015-09-29,24.96,136.71
2015-09-30,24.09,113.90
2015-10-01,23.60,124.81
2015-10-02,23.05,115.75
2015-10-05,21.99,132.83
2015-10-06,22.06,129.32
2015-10-07,21.41,132.39
2015-10-08,21.08,136.69
2015-10-09,20.52,134.66
2015-10-12,20.10,137.25
2015-10-13,21.10,133.81
2015-10-14,21.34,135.82
2015-10-15,19.86,144.72
2015-10-16,19.94,135.04
2015-10-19,19.40,139.92
2015-10-20,19.89,140.70
2015-10-21,20.86,133.07
2015-10-22,19.10,121.02
2015-10-23,19.21,135.62
2015-10-26,19.76,132.29
2015-10-27,19.68,132.17
2015-10-28,19.23,134.43
2015-10-29,19.53,134.64
2015-10-30,19.84,125.77
2015-11-02,19.18,138.78
2015-11-03,19.19,137.40
2015-11-04,19.66,134.44
2015-11-05,19.48,135.21
2015-11-06,19.13,137.75
2015-11-09,19.98,134.34
2015-11-10,19.68,132.24
2015-11-11,19.73,132.44
2015-11-12,21.00,136.93
2015-11-13,22.30,139.50
2015-11-16,21.05,131.77
2015-11-17,21.01,136.97
2015-11-18,20.17,136.86
2015-11-19,20.65,139.17
2015-11-20,20.77,126.86
2015-11-23,20.11,139.51
2015-11-24,20.30,138.17
2015-11-25,19.93,139.45
2015-11-27,19.51,137.66
2015-11-30,20.11,127.25
2015-12-01,19.79,135.57
2015-12-02,19.97,132.66
2015-12-03,21.28,135.26
2015-12-04,19.65,136.31
2015-12-07,19.95,136.77
2015-12-08,20.80,131.25
2015-12-09,21.56,134.26
2015-12-10,21.74,134.94
2015-12-11,24.59,146.53
2015-12-14,23.40,140.92
2015-12-15,22.45,143.35
2015-12-16,20.73,135.50
2015-12-17,21.47,131.20
2015-12-18,22.51,140.84
2015-12-21,21.87,125.18
2015-12-22,20.98,133.63
2015-12-23,20.61,134.69
2015-12-24,20.75,128.78
2015-12-28,20.65,136.29
2015-12-29,20.23,139.26
2015-12-30,20.38,143.00
2015-12-31,20.59,124.43
2016-01-04,22.13,140.00
2016-01-05,21.21,135.07
2016-01-06,22.14,128.31
2016-01-07,24.20,135.94
2016-01-08,25.49,138.83
2016-01-11,24.53,142.52
2016-01-12,23.40,138.67
2016-01-13,24.82,145.88
2016-01-14,24.09,138.79
2016-01-15,26.19,145.03
2016-01-19,25.64,137.90
2016-01-20,26.80,134.82
2016-01-21,26.54,132.99
2016-01-22,24.58,133.64
2016-01-25,25.45,132.27
2016-01-26,24.34,129.53
2016-01-27,25.05,129.06
2016-01-28,24.61,129.23
2016-01-29,22.82,120.86
2016-02-01,22.42,126.38
2016-02-02,23.71,119.83
2016-02-03,23.64,122.04
2016-02-04,24.18,122.69
2016-02-05,25.03,119.01
2016-02-08,26.29,120.25
2016-02-09,26.65,120.74
2016-02-10,26.65,120.36
2016-02-11,27.85,122.38
2016-02-12,26.96,117.75
2016-02-16,25.97,125.77
2016-02-17,24.77,124.99
2016-02-18,24.46,125.33
2016-02-19,24.11,123.61
2016-02-22,23.25,117.46
2016-02-23,24.01,119.67
2016-02-24,23.62,119.46
2016-02-25,22.84,122.02
2016-02-26,23.11,118.65
2016-02-29,23.57,117.68
2016-03-01,21.99,119.81
2016-03-02,21.50,122.35
2016-03-03,21.11,125.27
2016-03-04,21.17,121.65
2016-03-07,21.54,124.01
2016-03-08,22.45,123.53
2016-03-09,22.17,123.47
2016-03-10,22.08,130.04
2016-03-11,21.30,128.99
2016-03-14,21.06,133.30
2016-03-15,20.91,132.45
2016-03-16,20.19,125.42
2016-03-17,19.83,126.65
2016-03-18,19.78,126.75
2016-03-21,19.49,129.35
2016-03-22,19.59,130.99
2016-03-23,20.13,129.67
2016-03-24,20.06,119.02
2016-03-28,20.06,127.74
2016-03-29,19.18,132.61
2016-03-30,18.93,128.67
2016-03-31,19.03,122.03
2016-04-01,18.58,124.03
2016-04-04,19.14,125.23
2016-04-05,20.06,120.27
2016-04-06,19.25,125.06
2016-04-07,20.61,125.13
2016-04-08,20.26,113.84
2016-04-11,20.74,119.13
2016-04-12,19.94,126.17
2016-04-13,19.39,127.13
2016-04-14,19.40,126.23
2016-04-15,19.30,123.10
2016-04-18,18.75,120.55
2016-04-19,18.59,126.19
2016-04-20,18.74,126.20
2016-04-21,19.28,127.06
2016-04-22,19.02,123.25
2016-04-25,19.31,126.78
2016-04-26,19.11,127.40
2016-04-27,19.01,126.09
2016-04-28,19.75,125.44
2016-04-29,20.28,126.49
2016-05-02,19.82,127.67
2016-05-03,20.47,125.94
2016-05-04,20.76,124.31
2016-05-05,20.83,123.74
2016-05-06,20.40,120.82
2016-05-09,20.18,123.17
2016-05-10,19.53,124.10
2016-05-11,20.11,122.19
2016-05-12,19.90,123.52
2016-05-13,20.25,121.46
2016-05-16,19.87,124.13
2016-05-17,20.41,122.96
2016-05-18,20.47,122.22
2016-05-19,20.75,123.66
2016-05-20,20.32,125.61
2016-05-23,20.35,124.74
2016-05-24,19.37,124.74
2016-05-25,19.09,127.13
2016-05-26,18.94,129.28
2016-05-27,18.72,129.61
2016-05-31,19.03,127.70
2016-06-01,18.98,132.46
2016-06-02,18.77,134.15
2016-06-03,19.01,125.04
2016-06-06,18.87,125.57
2016-06-07,19.03,128.54
2016-06-08,19.04,129.23
2016-06-09,19.53,129.31
2016-06-10,20.74,133.67
2016-06-13,22.94,137.49
2016-06-14,22.62,138.02
2016-06-15,22.32,140.91
2016-06-16,21.80,142.50
2016-06-17,22.08,137.94
2016-06-20,20.87,137.81
2016-06-21,20.76,135.92
2016-06-22,21.39,136.48
2016-06-23,19.53,145.70
2016-06-24,23.55,142.92
2016-06-27,23.74,136.43
2016-06-28,21.23,153.66
2016-06-29,20.19,136.46
2016-06-30,19.79,140.58
2016-07-01,19.55,128.53
2016-07-05,19.99,125.35
2016-07-06,19.77,123.14
2016-07-07,19.60,124.72
2016-07-08,18.76,127.20
2016-07-11,18.60,125.03
2016-07-12,18.27,126.10
2016-07-13,18.07,127.29
2016-07-14,18.03,128.28
2016-07-15,18.15,129.76
2016-07-18,17.99,125.38
2016-07-19,17.92,129.92
2016-07-20,17.86,128.49
2016-07-21,18.45,128.01
2016-07-22,18.20,128.36
2016-07-25,18.44,129.65
2016-07-26,18.43,130.02
2016-07-27,18.39,125.68
2016-07-28,18.32,128.51
2016-07-29,17.88,128.25
2016-08-01,18.08,128.01
2016-08-02,18.64,129.25
2016-08-03,18.36,129.99
2016-08-04,18.01,127.06
2016-08-05,17.59,130.60
2016-08-08,17.53,132.94
2016-08-09,17.40,135.56
2016-08-10,17.58,133.25
2016-08-11,17.56,131.28
2016-08-12,17.62,132.13
2016-08-15,17.73,134.45
2016-08-16,18.18,132.27
2016-08-17,17.89,136.71
2016-08-18,17.70,134.87
2016-08-19,17.71,136.58
2016-08-22,17.90,135.20
2016-08-23,17.93,131.79
2016-08-24,18.27,130.43
2016-08-25,18.28,131.06
2016-08-26,18.42,132.40
2016-08-29,18.18,131.30
2016-08-30,18.29,136.14
2016-08-31,18.50,129.25
2016-09-01,18.56,129.83
2016-09-02,18.19,128.40
2016-09-06,18.03,131.16
2016-09-07,18.01,130.94
2016-09-08,18.31,129.74
2016-09-09,20.30,125.25
2016-09-12,19.12,134.18
2016-09-13,20.32,131.56
2016-09-14,20.75,127.40
2016-09-15,19.93,130.57
2016-09-16,19.58,125.25
2016-09-19,19.51,125.81
2016-09-20,19.65,126.85
2016-09-21,18.72,122.13
2016-09-22,18.20,124.29
2016-09-23,18.27,125.13
2016-09-26,18.99,121.72
2016-09-27,18.38,123.74
2016-09-28,18.13,126.85
2016-09-29,18.87,122.67
2016-09-30,18.44,124.58
2016-10-03,18.30,122.86
2016-10-04,18.33,119.67
2016-10-05,18.16,121.54
2016-10-06,18.06,120.48
2016-10-07,18.37,119.95
2016-10-10,18.05,123.84
2016-10-11,18.76,119.79
2016-10-12,18.91,122.34
2016-10-13,19.27,123.32
2016-10-14,19.14,121.86
2016-10-17,19.18,124.08
2016-10-18,18.86,122.76
2016-10-19,18.52,122.56
2016-10-20,18.37,123.91
2016-10-21,18.24,123.00
2016-10-24,17.98,124.60
2016-10-25,18.05,122.83
2016-10-26,18.35,123.31
2016-10-27,18.81,122.35
2016-10-28,19.03,126.35
2016-10-31,19.23,126.12
2016-11-01,19.88,124.46
2016-11-02,20.11,126.15
2016-11-03,21.00,141.18
2016-11-04,21.44,133.03
2016-11-07,19.24,134.91
2016-11-08,19.26,135.60
2016-11-09,18.09,134.61
2016-11-10,18.56,127.00
2016-11-11,18.45,121.71
2016-11-14,18.62,122.71
2016-11-15,18.03,119.79
2016-11-16,18.27,123.77
2016-11-17,17.96,123.06
2016-11-18,18.02,126.38
2016-11-21,17.82,124.01
2016-11-22,17.81,127.98
2016-11-23,17.86,125.33
2016-11-25,17.93,126.27
2016-11-28,18.20,125.75
2016-11-29,18.14,128.31
2016-11-30,18.25,126.39
2016-12-01,18.64,128.37
2016-12-02,18.75,128.99
2016-12-05,18.02,128.35
2016-12-06,17.84,130.92
2016-12-07,17.75,123.61
2016-12-08,17.95,119.08
2016-12-09,17.66,119.51
2016-12-12,17.85,123.28
2016-12-13,17.82,119.34
2016-12-14,17.91,125.43
2016-12-15,17.90,129.44
2016-12-16,17.77,131.95
2016-12-19,17.57,130.47
2016-12-20,17.52,122.09
2016-12-21,17.52,124.90
2016-12-22,17.69,128.02
2016-12-23,17.63,120.51
2016-12-27,17.64,123.65
2016-12-28,18.04,122.37
2016-12-29,18.22,124.57
2016-12-30,18.57,127.26
2017-01-03,17.77,125.79
2017-01-04,17.16,124.40
2017-01-05,17.03,128.21
2017-01-06,16.92,123.67
2017-01-09,17.04,122.59
2017-01-10,17.09,121.84
2017-01-11,16.97,123.06
2017-01-12,17.13,126.22
2017-01-13,17.16,132.32
2017-01-17,17.45,131.55
2017-01-18,17.41,143.43
2017-01-19,17.38,141.03
2017-01-20,17.07,146.33
2017-01-23,16.94,137.78
2017-01-24,16.25,138.16
2017-01-25,15.95,128.80
2017-01-26,16.07,129.58
2017-01-27,16.21,129.95
2017-01-30,16.63,134.32
2017-01-31,16.70,138.08
2017-02-01,16.53,133.97
2017-02-02,16.65,136.65
2017-02-03,16.27,133.25
2017-02-06,16.41,131.41
2017-02-07,16.44,130.46
2017-02-08,16.60,134.01
2017-02-09,16.35,129.19
2017-02-10,16.17,130.47
2017-02-13,15.91,130.10
2017-02-14,15.44,133.66
2017-02-15,15.43,137.55
2017-02-16,15.68,141.41
2017-02-17,15.79,141.13
2017-02-21,15.99,136.93
2017-02-22,16.25,138.24
2017-02-23,16.54,137.91
2017-02-24,16.68,138.66
2017-02-27,16.62,134.39
2017-02-28,16.95,131.98
2017-03-01,16.62,132.16
2017-03-02,16.63,133.36
2017-03-03,16.25,136.10
2017-03-06,16.32,140.17
2017-03-07,16.38,138.85
2017-03-08,16.41,139.63
2017-03-09,16.62,139.48
2017-03-10,16.33,138.99
2017-03-13,16.27,145.75
2017-03-14,16.40,146.11
2017-03-15,16.13,147.20
2017-03-16,15.78,149.49
2017-03-17,15.85,154.34
2017-03-20,15.86,152.93
2017-03-21,16.43,141.02
2017-03-22,16.40,136.07
2017-03-23,16.52,132.54
2017-03-24,16.28,136.62
2017-03-27,15.99,135.37
2017-03-28,15.40,134.43
2017-03-29,15.19,132.37
2017-03-30,15.09,138.84
2017-03-31,15.25,138.31
2017-04-03,15.27,135.23
2017-04-04,14.94,132.28
2017-04-05,15.45,130.91
2017-04-06,15.13,131.27
2017-04-07,15.44,132.70
2017-04-10,15.83,132.86
2017-04-11,16.19,136.66
2017-04-12,16.29,131.93
2017-04-13,16.57,134.36
2017-04-17,16.06,139.63
2017-04-18,16.02,137.20
2017-04-19,16.21,140.20
2017-04-20,15.76,146.85
2017-04-21,15.93,148.42
2017-04-24,14.72,144.45
2017-04-25,14.62,139.04
2017-04-26,14.77,142.13
2017-04-27,14.70,142.55
2017-04-28,14.74,146.98
2017-05-01,14.48,128.46
2017-05-02,14.66,127.49
2017-05-03,14.87,129.39
2017-05-04,14.71,130.48
2017-05-05,14.65,131.36
2017-05-08,14.64,128.12
2017-05-09,14.72,128.28
2017-05-10,14.88,128.27
2017-05-11,14.99,128.21
2017-05-12,15.10,129.65
2017-05-15,14.97,129.44
2017-05-16,14.97,131.24
2017-05-17,16.80,133.51
2017-05-18,16.42,137.01
2017-05-19,15.57,131.39
2017-05-22,15.25,128.57
2017-05-23,15.16,124.54
2017-05-24,14.90,123.11
2017-05-25,14.82,123.65
2017-05-26,14.84,125.41
2017-05-30,15.03,125.37
2017-05-31,14.94,125.11
2017-06-01,14.83,124.55
2017-06-02,14.88,124.23
2017-06-05,15.08,125.05
2017-06-06,15.30,125.72
2017-06-07,15.27,125.98
2017-06-08,15.01,127.09
2017-06-09,15.17,131.26
2017-06-12,15.32,136.86
2017-06-13,14.96,136.41
2017-06-14,14.94,135.89
2017-06-15,15.07,134.12
2017-06-16,14.87,135.02
2017-06-19,14.49,138.77
2017-06-20,14.66,133.37
2017-06-21,14.73,129.89
2017-06-22,14.65,130.86
2017-06-23,14.49,132.76
2017-06-26,14.28,128.60
2017-06-27,14.78,125.46
2017-06-28,14.44,126.95
2017-06-29,14.88,129.15
2017-06-30,14.86,129.51
2017-07-03,14.96,126.63
2017-07-05,14.94,128.67
2017-07-06,15.48,127.25
2017-07-07,15.11,131.58
2017-07-10,14.90,133.40
2017-07-11,14.74,132.75
2017-07-12,14.48,134.95
2017-07-13,14.32,138.35
2017-07-14,14.01,137.71
2017-07-17,14.04,139.87
2017-07-18,14.04,137.53
2017-07-19,13.91,136.88
2017-07-20,13.90,130.88
2017-07-21,13.89,134.53
2017-07-24,13.82,132.67
2017-07-25,13.75,135.61
2017-07-26,13.79,135.61
2017-07-27,13.87,140.81
2017-07-28,13.96,139.91
2017-07-31,13.94,139.82
2017-08-01,13.76,138.72
2017-08-02,13.92,142.02
2017-08-03,14.15,138.32
2017-08-04,14.25,139.81
2017-08-07,14.16,138.91
2017-08-08,14.60,140.05
2017-08-09,14.89,141.20
2017-08-10,16.74,136.48
2017-08-11,16.86,135.43
2017-08-14,15.18,142.07
2017-08-15,15.11,143.23
2017-08-16,14.92,148.62
2017-08-17,16.50,142.73
2017-08-18,16.38,128.86
2017-08-21,15.92,131.61
2017-08-22,14.99,135.72
2017-08-23,15.53,129.98
2017-08-24,15.63,129.95
2017-08-25,15.42,130.16
2017-08-28,15.41,128.32
2017-08-29,15.52,131.48
2017-08-30,15.60,130.53
2017-08-31,15.46,134.00
2017-09-01,15.33,134.85
2017-09-05,16.05,133.48
2017-09-06,16.02,136.48
2017-09-07,15.98,135.39
2017-09-08,16.37,130.57
2017-09-11,15.77,136.96
2017-09-12,15.49,139.60
2017-09-13,15.22,142.74
2017-09-14,15.20,
2017-09-15,15.09,144.54
2017-09-18,14.84,143.65
2017-09-19,14.85,142.64
2017-09-20,14.71,138.94
2017-09-21,14.80,137.87
2017-09-22,14.97,137.50
2017-09-25,15.14,135.07
2017-09-26,15.10,134.25
2017-09-27,15.04,129.49
2017-09-28,14.93,132.99
2017-09-29,14.81,137.75
2017-10-02,14.57,138.02
2017-10-03,14.46,137.15
2017-10-04,14.44,144.19
2017-10-05,14.25,140.33
2017-10-06,14.59,140.35
2017-10-09,14.94,139.83
2017-10-10,14.82,139.24
2017-10-11,14.66,138.74
2017-10-12,14.72,136.36
2017-10-13,14.52,138.28
2017-10-16,14.48,147.53
2017-10-17,14.54,150.12
2017-10-18,14.48,147.95
2017-10-19,14.48,146.16
2017-10-20,14.35,148.81
2017-10-23,14.85,142.46
2017-10-24,14.79,142.15
2017-10-25,15.00,138.00
2017-10-26,14.94,135.36
2017-10-27,14.48,135.70
2017-10-30,14.75,132.54
2017-10-31,14.60,131.81
2017-11-01,14.75,129.05
2017-11-02,14.90,128.97
2017-11-03,14.81,130.34
2017-11-06,14.87,130.52
2017-11-07,15.12,129.15
2017-11-08,15.21,131.50
2017-11-09,15.43,128.95
2017-11-10,15.91,130.56
2017-11-13,15.91,129.75
2017-11-14,16.15,130.15
2017-11-15,16.72,135.21
2017-11-16,16.06,136.30
2017-11-17,15.98,137.19
2017-11-20,15.51,135.83
2017-11-21,14.91,133.56
2017-11-22,14.85,132.52
2017-11-24,14.80,130.98
2017-11-27,14.87,130.18
2017-11-28,14.63,124.08
2017-11-29,15.17,126.28
2017-11-30,15.15,128.90
2017-12-01,15.30,128.83
2017-12-04,15.27,132.14
2017-12-05,15.37,132.07
2017-12-06,15.30,130.98
2017-12-07,14.97,130.84
2017-12-08,14.61,132.54
2017-12-11,14.44,133.98
2017-12-12,14.59,133.02
2017-12-13,14.71,134.71
2017-12-14,14.76,134.03
2017-12-15,14.38,135.73
2017-12-18,14.28,132.72
2017-12-19,14.57,130.69
2017-12-20,14.44,133.15
2017-12-21,14.46,132.63
2017-12-22,14.66,134.40
2017-12-26,14.82,135.60
2017-12-27,14.74,138.43
2017-12-28,14.91,137.82
2017-12-29,15.11,137.05
2018-01-02,14.72,135.37
2018-01-03,14.41,133.43
2018-01-04,14.38,131.24
2018-01-05,14.19,127.03
2018-01-08,14.21,128.00
2018-01-09,14.32,126.37
2018-01-10,14.31,129.12
2018-01-11,14.11,126.10
2018-01-12,14.18,124.95
2018-01-16,14.99,128.65
2018-01-17,14.88,136.19
2018-01-18,15.15,131.41
2018-01-19,14.86,132.28
2018-01-22,14.84,127.18
2018-01-23,14.94,122.95
2018-01-24,15.25,120.20
2018-01-25,15.39,121.87
2018-01-26,15.11,117.99
2018-01-29,16.14,118.80
2018-01-30,16.78,122.85
2018-01-31,16.06,121.23
2018-02-01,15.90,120.59
2018-02-02,17.49,126.45
2018-02-05,24.55,117.33
2018-02-06,21.54,129.61
2018-02-07,21.76,136.90
2018-02-08,24.89,130.92
2018-02-09,23.18,128.51
2018-02-12,22.08,148.02
2018-02-13,21.67,143.07
2018-02-14,19.75,127.84
2018-02-15,19.40,131.67
2018-02-16,19.48,137.80
2018-02-20,20.04,131.63
2018-02-21,20.14,130.03
2018-02-22,19.36,134.31
2018-02-23,18.21,139.20
2018-02-26,17.60,131.72
2018-02-27,19.26,132.27
2018-02-28,19.99,138.95
2018-03-01,21.10,136.54
2018-03-02,19.97,127.48
2018-03-05,19.52,130.12
2018-03-06,19.60,128.41
2018-03-07,19.44,128.17
2018-03-08,18.88,129.62
2018-03-09,17.95,127.79
2018-03-12,18.65,141.98
2018-03-13,18.86,140.43
2018-03-14,19.40,141.66
2018-03-15,19.11,146.55
2018-03-16,18.69,147.35
2018-03-19,19.70,143.96
2018-03-20,19.54,139.52
2018-03-21,19.49,133.69
2018-03-22,21.44,131.52
2018-03-23,22.86,130.79
2018-03-26,20.90,128.96
2018-03-27,22.00,128.65
2018-03-28,22.29,128.33
2018-03-29,21.05,119.34
2018-04-02,22.33,119.68
2018-04-03,21.26,118.38
2018-04-04,20.85,119.23
2018-04-05,20.13,121.51
2018-04-06,21.41,122.39
2018-04-09,21.29,119.90
2018-04-10,20.75,121.25
2018-04-11,20.80,122.27
2018-04-12,19.98,122.29
2018-04-13,19.35,126.00
2018-04-16,18.77,131.47
2018-04-17,18.03,130.57
2018-04-18,17.93,146.26
2018-04-19,18.21,138.20
2018-04-20,18.65,133.07
2018-04-23,18.38,126.48
2018-04-24,19.00,126.50
2018-04-25,18.99,124.29
2018-04-26,18.29,127.08
2018-04-27,18.22,128.40
2018-04-30,18.33,130.77
2018-05-01,18.08,128.21
2018-05-02,18.32,122.42
2018-05-03,18.16,126.79
2018-05-04,17.84,127.37
2018-05-07,17.89,123.04
2018-05-08,17.76,125.10
2018-05-09,17.27,126.05
2018-05-10,16.83,129.35
2018-05-11,16.57,131.59
2018-05-14,16.26,133.97
2018-05-15,17.05,136.76
2018-05-16,16.60,134.45
2018-05-17,16.63,134.78
2018-05-18,16.79,133.32
2018-05-21,16.28,134.02
2018-05-22,16.40,134.61
2018-05-23,16.19,135.61
2018-05-24,16.16,139.24
2018-05-25,16.43,140.78
2018-05-29,17.94,141.84
2018-05-30,17.26,143.89
2018-05-31,17.54,140.07
2018-06-01,16.81,134.53
2018-06-04,16.47,132.70
2018-06-05,16.31,132.58
2018-06-06,15.97,136.57
2018-06-07,16.06,133.84
2018-06-08,16.13,133.11
2018-06-11,16.12,138.93
2018-06-12,16.17,142.82
2018-06-13,16.43,141.74
2018-06-14,16.09,142.39
2018-06-15,16.32,140.92
2018-06-18,16.35,140.92
2018-06-19,16.89,139.35
2018-06-20,16.52,140.82
2018-06-21,17.20,139.94
2018-06-22,16.92,140.54
2018-06-25,18.27,134.66
2018-06-26,17.79,134.92
2018-06-27,18.66,131.30
2018-06-28,18.29,136.34
2018-06-29,18.09,141.72
2018-07-02,17.97,140.89
2018-07-03,18.23,134.57
2018-07-05,17.63,139.86
2018-07-06,17.07,141.02
2018-07-09,16.29,138.96
2018-07-10,16.11,139.26
2018-07-11,16.54,136.85
2018-07-12,16.10,138.22
2018-07-13,15.90,142.48
2018-07-16,16.10,148.16
2018-07-17,15.83,149.58
2018-07-18,15.88,154.25
2018-07-19,16.22,150.98
2018-07-20,16.41,152.72
2018-07-23,16.24,153.78
2018-07-24,16.09,145.94
2018-07-25,15.89,145.09
2018-07-26,15.87,142.18
2018-07-27,16.22,144.57
2018-07-30,16.68,141.57
2018-07-31,16.21,144.49
2018-08-01,16.41,142.77
2018-08-02,16.08,143.83
2018-08-03,15.90,146.19
2018-08-06,15.68,142.01
2018-08-07,15.41,138.94
2018-08-08,15.45,139.84
2018-08-09,15.54,138.61
2018-08-10,16.29,149.20
2018-08-13,16.97,159.03
2018-08-14,16.39,152.41
2018-08-15,16.94,148.40
2018-08-16,16.47,148.45
2018-08-17,16.26,146.01
2018-08-20,16.15,145.55
2018-08-21,16.33,144.70
2018-08-22,16.25,143.75
2018-08-23,16.28,147.38
2018-08-24,16.07,148.20
2018-08-27,16.00,144.85
2018-08-28,16.25,140.88
2018-08-29,16.20,140.76
2018-08-30,16.69,141.82
2018-08-31,16.43,146.91
2018-09-04,16.59,142.18
2018-09-05,16.93,142.22
2018-09-06,17.26,140.56
2018-09-07,17.47,145.87
2018-09-10,17.15,144.88
2018-09-11,16.64,147.88
2018-09-12,16.40,148.75
2018-09-13,15.86,150.64
2018-09-14,15.60,151.59
2018-09-17,16.10,150.95
2018-09-18,15.99,151.37
2018-09-19,15.85,145.19
2018-09-20,15.70,144.84
2018-09-21,15.90,141.55
2018-09-24,15.96,138.84
2018-09-25,16.05,137.68
2018-09-26,16.20,140.98
2018-09-27,16.07,142.10
2018-09-28,15.98,144.43
2018-10-01,15.95,141.52
2018-10-02,16.03,137.98
2018-10-03,15.96,136.33
2018-10-04,16.70,136.73
2018-10-05,17.14,130.28
2018-10-08,17.36,129.64
2018-10-09,17.40,128.98
2018-10-10,20.31,127.65
2018-10-11,20.88,130.85
2018-10-12,19.87,125.51
2018-10-15,20.27,128.32
2018-10-16,18.58,132.15
2018-10-17,18.64,130.65
2018-10-18,19.93,125.96
2018-10-19,20.03,124.94
2018-10-22,20.01,125.68
2018-10-23,20.29,126.54
2018-10-24,22.04,128.91
2018-10-25,21.84,125.26
2018-10-26,21.97,121.70
2018-10-29,22.27,120.83
2018-10-30,21.72,118.11
2018-10-31,21.00,117.64
2018-11-01,20.23,118.28
2018-11-02,20.45,115.73
2018-11-05,20.25,118.89
2018-11-06,19.70,119.93
2018-11-07,18.29,120.56
2018-11-08,18.24,121.85
2018-11-09,18.94,120.06
2018-11-12,20.16,121.35
2018-11-13,20.29,122.06
2018-11-14,21.04,120.68
2018-11-15,20.48,120.76
2018-11-16,19.82,118.71
2018-11-19,20.79,115.79
2018-11-20,22.09,119.55
2018-11-21,21.47,119.31
2018-11-23,21.79,117.21
2018-11-26,20.55,117.57
2018-11-27,20.39,115.83
2018-11-28,19.70,115.96
2018-11-29,20.02,115.49
2018-11-30,19.69,114.71
2018-12-03,18.60,
2018-12-04,20.59,117.76
2018-12-06,20.74,116.68
2018-12-07,21.92,114.30
2018-12-10,21.75,117.64
2018-12-11,21.69,116.80
2018-12-12,21.65,116.78
2018-12-13,21.46,117.03
2018-12-14,22.12,118.60
2018-12-17,23.23,123.96
2018-12-18,23.38,124.23
2018-12-19,23.37,125.38
2018-12-20,24.56,124.07
2018-12-21,24.80,122.17
2018-12-24,26.36,118.27
2018-12-26,23.86,116.47
2018-12-27,24.38,115.18
2018-12-28,24.01,117.26
2018-12-31,23.15,117.80
2019-01-02,22.33,116.06
2019-01-03,23.28,112.22
2019-01-04,21.75,111.44
2019-01-07,21.43,113.56
2019-01-08,21.14,115.30
2019-01-09,20.80,117.01
2019-01-10,20.79,117.72
2019-01-11,20.35,119.09
2019-01-14,20.24,125.20
2019-01-15,19.61,126.87
2019-01-16,19.65,131.66
2019-01-17,19.63,133.02
2019-01-18,19.26,131.19
2019-01-22,20.51,122.82
2019-01-23,20.13,123.88
2019-01-24,19.72,130.92
2019-01-25,19.36,126.11
2019-01-28,19.71,123.06
2019-01-29,19.72,121.90
2019-01-30,19.06,123.28
2019-01-31,18.50,126.53
2019-02-01,18.31,126.03
2019-02-04,17.94,128.40
2019-02-05,17.69,123.42
2019-02-06,17.69,123.72
2019-02-07,18.05,124.45
2019-02-08,17.90,127.72
2019-02-11,17.85,129.19
2019-02-12,17.51,128.60
2019-02-13,17.62,127.12
2019-02-14,17.98,126.89
2019-02-15,17.40,129.55
2019-02-19,17.19,124.68
2019-02-20,16.75,123.39
2019-02-21,16.97,122.42
2019-02-22,16.53,121.08
2019-02-25,16.81,127.67
2019-02-26,17.08,125.53
2019-02-27,16.83,126.44
2019-02-28,16.93,128.85
2019-03-01,16.48,126.97
2019-03-04,16.93,125.04
2019-03-05,16.99,126.40
2019-03-06,17.47,125.80
2019-03-07,17.87,123.14
2019-03-08,17.81,125.73
2019-03-11,17.00,132.93
2019-03-12,16.74,130.17
2019-03-13,16.46,132.57
2019-03-14,16.45,130.57
2019-03-15,16.24,128.76
2019-03-18,16.36,127.10
2019-03-19,16.61,123.13
2019-03-20,16.78,120.59
2019-03-21,16.50,120.67
2019-03-22,17.78,117.55
2019-03-25,17.83,117.60
2019-03-26,17.28,117.80
2019-03-27,17.56,117.66
2019-03-28,17.25,119.25
2019-03-29,16.89,120.96
2019-04-01,16.53,126.77
2019-04-02,16.63,127.31
2019-04-03,16.60,125.96
2019-04-04,16.56,126.23
2019-04-05,16.28,128.75
2019-04-08,16.38,129.13
2019-04-09,16.90,127.66
2019-04-10,16.49,127.61
2019-04-11,16.43,126.23
2019-04-12,16.04,124.22
2019-04-15,16.09,127.69
2019-04-16,16.06,125.81
2019-04-17,16.29,125.78
2019-04-18,16.14,123.60
2019-04-22,16.19,124.24
2019-04-23,16.00,124.65
2019-04-24,16.28,123.81
2019-04-25,16.44,124.18
2019-04-26,16.20,126.29
2019-04-29,16.46,125.79
2019-04-30,16.43,126.47
2019-05-01,17.09,125.32
2019-05-02,17.00,124.59
2019-05-03,16.38,122.22
2019-05-06,17.15,123.23
2019-05-07,18.63,116.88
2019-05-08,18.60,117.79
2019-05-09,18.38,117.68
2019-05-10,17.47,118.54
2019-05-13,19.34,119.36
2019-05-14,18.37,119.95
2019-05-15,17.81,120.87
2019-05-16,17.35,121.09
2019-05-17,17.57,118.69
2019-05-20,17.69,115.25
2019-05-21,17.12,117.17
2019-05-22,17.10,115.42
2019-05-23,18.01,114.71
2019-05-24,17.72,114.12
2019-05-28,18.29,112.58
2019-05-29,18.61,111.93
2019-05-30,18.48,112.68
2019-05-31,19.14,112.65
2019-06-03,19.09,112.32
2019-06-04,18.17,112.74
2019-06-05,17.82,112.91
2019-06-06,17.67,113.89
2019-06-07,17.86,114.67
2019-06-10,17.66,114.38
2019-06-11,17.81,113.81
2019-06-12,17.82,114.66
2019-06-13,17.64,113.33
2019-06-14,17.48,113.16
2019-06-17,17.49,115.30
2019-06-18,17.38,116.21
2019-06-19,17.14,115.93
2019-06-20,17.05,119.23
2019-06-21,17.43,118.46
2019-06-24,17.27,117.09
2019-06-25,17.78,116.83
2019-06-26,17.80,117.16
2019-06-27,17.52,117.50
2019-06-28,16.96,118.12
2019-07-01,16.38,119.86
2019-07-02,15.92,122.14
2019-07-03,15.74,120.82
2019-07-05,15.99,
2019-07-08,16.36,121.42
2019-07-09,16.47,120.44
2019-07-10,16.25,120.66
2019-07-11,16.15,122.45
2019-07-12,16.09,123.65
2019-07-15,16.28,126.22
2019-07-16,16.39,125.15
2019-07-17,16.84,123.98
2019-07-18,16.61,125.42
2019-07-19,16.90,125.50
2019-07-22,16.57,125.36
2019-07-23,16.18,124.65
2019-07-24,15.93,123.08
2019-07-25,16.25,121.88
2019-07-26,15.95,123.27
2019-07-29,16.16,125.10
2019-07-30,16.61,121.94
2019-07-31,17.47,121.71
2019-08-01,18.17,117.07
2019-08-02,18.11,117.25
2019-08-05,20.81,113.30
2019-08-06,19.41,114.20
2019-08-07,19.26,113.96
2019-08-08,18.05,117.71
2019-08-09,18.56,116.34
2019-08-12,19.87,115.15
2019-08-13,18.69,117.58
2019-08-14,20.73,113.48
2019-08-15,20.58,112.52
2019-08-16,19.64,115.84
2019-08-19,18.82,116.48
2019-08-20,19.15,114.78
2019-08-21,18.37,114.48
2019-08-22,18.75,114.46
2019-08-23,20.22,112.62
2019-08-26,19.88,113.07
2019-08-27,20.56,111.76
2019-08-28,20.16,113.65
2019-08-29,19.45,115.02
2019-08-30,19.85,115.37
2019-09-03,20.36,114.68
2019-09-04,19.43,115.99
2019-09-05,18.88,118.58
2019-09-06,18.51,118.87
2019-09-09,18.58,118.79
2019-09-10,18.48,119.01
2019-09-11,18.25,119.95
2019-09-12,18.07,119.95
2019-09-13,18.04,118.40
2019-09-16,18.47,119.16
2019-09-17,18.54,117.94
2019-09-18,18.31,118.09
2019-09-19,18.26,118.77
2019-09-20,18.96,117.50
2019-09-23,19.04,118.78
2019-09-24,19.44,118.01
2019-09-25,19.06,117.98
2019-09-26,19.16,117.51
2019-09-27,19.62,116.61
2019-09-30,19.02,117.67
2019-10-01,20.03,114.01
2019-10-02,21.00,111.47
2019-10-03,20.40,112.44
2019-10-04,19.51,114.54
2019-10-07,19.76,118.76
2019-10-08,20.82,118.42
2019-10-09,20.26,119.95
2019-10-10,19.74,120.85
2019-10-11,18.86,122.40
2019-10-14,18.58,124.85
2019-10-15,18.10,127.17
2019-10-16,18.12,125.53
2019-10-17,18.01,128.01
2019-10-18,18.21,126.24
2019-10-21,17.82,128.44
2019-10-22,18.02,125.79
2019-10-23,17.84,127.92
2019-10-24,17.84,125.22
2019-10-25,17.45,125.70
2019-10-28,17.59,125.26
2019-10-29,17.77,127.29
2019-10-30,17.48,129.64
2019-10-31,17.71,130.71
2019-11-01,17.29,126.88
2019-11-04,17.38,129.74
2019-11-05,17.65,126.78
2019-11-06,17.66,125.20
2019-11-07,17.64,124.68
2019-11-08,17.50,123.30
2019-11-11,17.54,123.85
2019-11-12,17.45,123.18
2019-11-13,17.48,124.61
2019-11-14,17.48,126.28
2019-11-15,17.10,124.95
2019-11-18,17.16,126.59
2019-11-19,17.40,127.46
2019-11-20,17.60,125.64
2019-11-21,17.84,124.87
2019-11-22,17.53,125.53
2019-11-25,17.15,128.65
2019-11-26,17.00,130.28
2019-11-27,17.06,130.37
2019-11-29,17.41,129.83
2019-12-02,18.20,126.35
2019-12-03,18.84,122.78
2019-12-04,18.27,123.31
2019-12-05,18.13,123.64
2019-12-06,17.74,131.48
2019-12-09,18.43,136.56
2019-12-10,18.37,135.00
2019-12-11,18.18,134.37
2019-12-12,17.61,132.68
2019-12-13,17.05,144.51
2019-12-16,16.68,143.85
2019-12-17,16.89,137.48
2019-12-18,16.91,144.56
2019-12-19,16.77,150.14
2019-12-20,16.85,147.17
2019-12-23,17.00,143.91
2019-12-24,16.97,143.87
2019-12-26,16.92,143.07
2019-12-27,17.28,140.29
2019-12-30,17.70,133.56
2019-12-31,17.13,139.52
2020-01-02,16.58,137.70
2020-01-03,17.16,133.46
2020-01-06,17.08,132.51
2020-01-07,17.02,129.78
2020-01-08,16.65,136.42
2020-01-09,16.36,133.47
2020-01-10,16.33,128.15
2020-01-13,16.03,131.27
2020-01-14,16.01,130.82
2020-01-15,15.98,135.53
2020-01-16,15.78,133.13
2020-01-17,15.76,134.62
2020-01-21,15.94,132.70
2020-01-22,16.11,129.93
2020-01-23,16.11,131.76
2020-01-24,16.78,127.02
2020-01-27,18.11,127.21
2020-01-28,17.35,125.61
2020-01-29,17.36,125.15
2020-01-30,17.03,129.95
2020-01-31,18.34,135.73
2020-02-03,18.09,127.70
2020-02-04,17.06,128.65
2020-02-05,16.67,129.78
2020-02-06,16.57,134.48
2020-02-07,16.94,132.21
2020-02-10,16.78,133.29
2020-02-11,16.83,132.95
2020-02-12,16.34,133.20
2020-02-13,16.55,133.04
2020-02-14,16.46,132.67
2020-02-18,16.86,137.66
2020-02-19,16.76,141.81
2020-02-20,17.24,137.12
2020-02-21,17.92,135.14
2020-02-24,20.48,130.48
2020-02-25,21.88,130.79
2020-02-26,21.85,130.65
2020-02-27,25.61,128.93
2020-02-28,25.91,130.82
2020-03-02,24.73,126.84
2020-03-03,26.34,123.06
2020-03-04,24.88,127.38
2020-03-05,28.90,123.61
2020-03-06,31.40,126.08
2020-03-09,36.89,121.57
2020-03-10,34.34,121.38
2020-03-11,38.54,121.72
2020-03-12,47.81,115.79
2020-03-13,41.23,132.37
2020-03-16,55.40,114.66
2020-03-17,54.81,116.67
2020-03-18,61.11,113.54
2020-03-19,56.06,115.44
2020-03-20,53.12,118.12
2020-03-23,46.59,117.05
2020-03-24,41.59,117.75
2020-03-25,44.31,116.60
2020-03-26,40.85,118.97
2020-03-27,47.71,117.41
2020-03-30,43.89,122.18
2020-03-31,42.47,125.49
2020-04-01,45.18,115.48
2020-04-02,42.67,118.43
2020-04-03,40.84,120.57
2020-04-06,39.15,121.01
2020-04-07,39.54,118.48
2020-04-08,38.32,119.30
2020-04-09,37.42,120.85
2020-04-13,37.00,119.60
2020-04-14,34.91,122.33
2020-04-15,36.94,122.42
2020-04-16,37.04,122.33
2020-04-17,35.66,126.43
2020-04-20,38.29,125.34
2020-04-21,40.39,123.71
2020-04-22,38.89,126.19
2020-04-23,39.16,125.22
2020-04-24,37.10,126.51
2020-04-27,35.12,129.29
2020-04-28,34.95,129.23
2020-04-29,33.19,132.60
2020-04-30,34.49,130.38
2020-05-01,36.85,129.97
2020-05-04,36.43,131.29
2020-05-05,35.29,128.26
2020-05-06,35.58,128.59
2020-05-07,34.45,130.67
2020-05-08,32.73,132.21
2020-05-11,32.13,129.10
2020-05-12,34.77,125.97
2020-05-13,36.72,123.43
2020-05-14,35.66,124.35
2020-05-15,35.57,124.47
2020-05-18,33.14,129.23
2020-05-19,33.59,127.48
2020-05-20,32.45,125.95
2020-05-21,33.59,124.53
2020-05-22,33.16,125.78
2020-05-26,32.55,129.11
2020-05-27,31.85,129.96
2020-05-28,32.59,130.78
2020-05-29,31.96,131.72
2020-06-01,32.41,132.09
2020-06-02,31.78,132.61
2020-06-03,31.07,131.50
2020-06-04,30.99,130.77
2020-06-05,29.68,129.87
2020-06-08,30.04,129.11
2020-06-09,31.24,124.93
2020-06-10,31.23,127.74
2020-06-11,39.68,131.29
2020-06-12,37.79,133.54
2020-06-15,36.66,137.33
2020-06-16,36.26,133.85
2020-06-17,36.59,135.49
2020-06-18,36.11,134.90
2020-06-19,37.74,125.38
2020-06-22,35.00,135.54
2020-06-23,34.17,135.20
2020-06-24,35.57,134.05
2020-06-25,34.84,131.92
2020-06-26,36.23,137.47
2020-06-29,34.48,135.75
2020-06-30,33.13,148.27
2020-07-01,32.56,142.44
2020-07-02,31.82,146.34
2020-07-06,31.66,140.98
2020-07-07,32.49,138.34
2020-07-08,31.83,144.46
2020-07-09,32.37,138.84
2020-07-10,31.72,135.68
2020-07-13,35.02,128.52
2020-07-14,33.28,131.10
2020-07-15,32.74,146.53
2020-07-16,32.75,142.44
2020-07-17,31.73,140.81
2020-07-20,30.43,145.90
2020-07-21,30.70,134.84
2020-07-22,30.43,140.39
2020-07-23,31.94,140.74
2020-07-24,31.65,139.40
2020-07-27,31.33,139.61
2020-07-28,31.47,139.64
2020-07-29,30.97,140.86
2020-07-30,31.39,138.99
2020-07-31,31.21,141.56
2020-08-03,31.18,141.77
2020-08-04,30.72,141.64
2020-08-05,30.32,139.59
2020-08-06,30.11,141.75
2020-08-07,30.22,139.75
2020-08-10,29.91,137.50
2020-08-11,30.79,136.39
2020-08-12,29.85,137.01
2020-08-13,30.05,136.11
2020-08-14,30.45,136.82
2020-08-17,29.50,137.45
2020-08-18,29.63,138.08
2020-08-19,30.30,138.20
2020-08-20,29.34,144.05
2020-08-21,29.51,146.73
2020-08-24,29.50,147.23
2020-08-25,29.36,146.53
2020-08-26,29.87,142.09
2020-08-27,30.63,145.07
2020-08-28,30.49,145.73
2020-08-31,32.20,144.67
2020-09-01,32.42,142.28
2020-09-02,33.24,141.10
2020-09-03,35.54,144.66
2020-09-04,33.94,133.28
2020-09-08,33.44,132.51
2020-09-09,31.99,133.20
2020-09-10,32.67,130.16
2020-09-11,31.66,125.42
2020-09-14,31.30,130.95
2020-09-15,31.29,132.95
2020-09-16,31.62,136.06
2020-09-17,31.82,139.41
2020-09-18,31.69,132.09
2020-09-21,32.46,130.64
2020-09-22,32.54,130.08
2020-09-23,33.49,129.84
2020-09-24,33.39,129.17
2020-09-25,32.62,129.26
2020-09-28,32.21,126.69
2020-09-29,31.84,123.93
2020-09-30,32.18,120.94
2020-10-01,32.59,117.78
2020-10-02,33.10,119.12
2020-10-05,32.20,119.53
2020-10-06,32.67,120.05
2020-10-07,31.60,120.60
2020-10-08,30.83,121.81
2020-10-09,29.59,121.93
2020-10-12,29.28,123.94
2020-10-13,29.45,122.54
2020-10-14,29.29,122.60
2020-10-15,28.82,123.47
2020-10-16,29.25,123.70
2020-10-19,30.18,124.75
2020-10-20,30.12,125.31
2020-10-21,29.61,124.38
2020-10-22,29.37,124.94
2020-10-23,29.14,126.70
2020-10-26,31.23,126.05
2020-10-27,31.66,127.58
2020-10-28,35.23,129.30
2020-10-29,34.03,128.05
2020-10-30,34.30,129.01
2020-11-02,33.44,133.86
2020-11-03,32.18,136.44
2020-11-04,29.93,133.32
2020-11-05,29.36,127.65
2020-11-06,27.91,124.56
2020-11-09,27.13,127.41
2020-11-10,27.05,126.30
2020-11-11,26.54,129.47
2020-11-12,27.64,131.42
2020-11-13,26.82,129.33
2020-11-16,26.61,129.56
2020-11-17,26.73,128.91
2020-11-18,27.61,133.59
2020-11-19,26.82,133.55
2020-11-20,27.07,133.54
2020-11-23,26.65,134.26
2020-11-24,26.30,134.19
2020-11-25,26.00,133.90
2020-11-27,26.05,132.43
2020-11-30,25.97,133.95
2020-12-01,26.09,132.60
2020-12-02,26.17,134.61
2020-12-03,26.25,132.46
2020-12-04,26.08,133.08
2020-12-07,26.32,132.44
2020-12-08,25.89,134.90
2020-12-09,26.55,135.75
2020-12-10,26.92,135.71
2020-12-11,27.68,139.92
2020-12-14,28.73,139.29
2020-12-15,27.49,138.95
2020-12-16,27.21,144.79
2020-12-17,27.05,147.07
2020-12-18,27.22,147.02
2020-12-21,28.70,146.53
2020-12-22,28.63,146.27
2020-12-23,27.96,147.39
2020-12-24,27.35,148.27
2020-12-28,27.16,145.30
2020-12-29,28.09,142.74
2020-12-30,27.50,143.03
2020-12-31,27.29,147.83
2021-01-04,29.46,143.84
2021-01-05,28.71,145.50
2021-01-06,28.29,147.06
2021-01-07,27.19,145.92
2021-01-08,27.08,139.25
2021-01-11,28.50,134.70
2021-01-12,28.09,139.99
2021-01-13,27.71,139.93
2021-01-14,27.40,138.06
2021-01-15,28.10,136.70
2021-01-19,27.83,141.32
2021-01-20,27.17,146.66
2021-01-21,27.23,144.20
2021-01-22,27.52,145.55
2021-01-25,28.27,145.56
2021-01-26,28.38,143.31
2021-01-27,34.66,137.93
2021-01-28,32.01,145.84
2021-01-29,33.96,134.30
2021-02-01,32.71,141.63
2021-02-02,30.56,141.15
2021-02-03,29.27,136.59
2021-02-04,28.61,136.01
2021-02-05,28.59,135.09
2021-02-08,28.76,136.65
2021-02-09,29.19,140.06
2021-02-10,30.00,139.33
2021-02-11,29.57,137.60
2021-02-12,29.34,137.66
2021-02-16,30.18,140.17
2021-02-17,30.22,144.45
2021-02-18,29.70,142.55
2021-02-19,29.36,141.53
2021-02-22,29.99,138.82
2021-02-23,29.40,136.64
2021-02-24,28.79,138.52
2021-02-25,31.73,142.07
2021-02-26,31.30,136.23
2021-03-01,28.91,141.33
2021-03-02,29.41,141.68
2021-03-03,30.52,140.53
2021-03-04,31.52,137.19
2021-03-05,29.87,135.90
2021-03-08,29.52,137.01
2021-03-09,29.03,134.45
2021-03-10,28.73,138.57
2021-03-11,28.20,139.61
2021-03-12,28.11,140.29
2021-03-15,27.43,141.26
2021-03-16,27.25,142.56
2021-03-17,26.61,143.19
2021-03-18,27.65,148.11
2021-03-19,27.32,141.47
2021-03-22,25.47,146.14
2021-03-23,25.99,143.44
2021-03-24,26.54,143.70
2021-03-25,25.71,140.86
2021-03-26,24.79,145.46
2021-03-29,25.44,143.67
2021-03-30,24.63,142.20
2021-03-31,24.30,140.93
2021-04-01,23.49,136.29
2021-04-05,23.39,139.63
2021-04-06,23.46,142.44
2021-04-07,23.06,140.60
2021-04-08,23.08,139.04
2021-04-09,23.19,132.88
2021-04-12,23.17,134.29
2021-04-13,23.12,134.72
2021-04-14,23.51,137.67
2021-04-15,23.30,139.29
2021-04-16,23.16,138.33
2021-04-19,23.74,137.15
2021-04-20,24.46,134.87
2021-04-21,23.80,139.43
2021-04-22,24.65,138.09
2021-04-23,23.88,140.09
2021-04-26,23.81,139.09
2021-04-27,23.69,139.13
2021-04-28,23.61,139.37
2021-04-29,23.67,139.30
2021-04-30,24.19,146.32
2021-05-03,23.94,143.75
2021-05-04,24.64,139.23
2021-05-05,24.30,142.12
2021-05-06,23.88,144.47
2021-05-07,23.13,145.76
2021-05-10,24.28,142.72
2021-05-11,25.64,140.12
2021-05-12,28.62,142.60
2021-05-13,26.33,139.26
2021-05-14,24.23,139.05
2021-05-17,25.09,138.35
2021-05-18,26.07,139.46
2021-05-19,26.69,143.75
2021-05-20,25.74,142.96
2021-05-21,25.54,144.51
2021-05-24,24.40,144.64
2021-05-25,24.60,144.60
2021-05-26,23.84,149.82
2021-05-27,23.09,149.35
2021-05-28,23.11,155.31
2021-06-01,23.79,149.04
2021-06-02,23.94,148.59
2021-06-03,24.13,145.21
2021-06-04,23.30,147.76
2021-06-07,23.22,151.29
2021-06-08,23.34,150.70
2021-06-09,23.61,150.71
2021-06-10,22.59,154.81
2021-06-11,22.30,159.28
2021-06-14,22.68,160.64
2021-06-15,23.11,161.35
2021-06-16,23.45,155.97
2021-06-17,23.15,161.01
2021-06-18,24.48,150.78
2021-06-21,23.37,158.36
2021-06-22,22.69,160.51
2021-06-23,22.23,154.85
2021-06-24,21.91,161.04
2021-06-25,21.83,170.55
2021-06-28,21.84,162.09
2021-06-29,22.14,163.84
2021-06-30,22.29,161.85
2021-07-01,22.24,155.65
2021-07-02,21.94,157.94
2021-07-06,22.51,153.75
2021-07-07,22.65,152.15
2021-07-08,23.56,152.82
2021-07-09,22.64,155.70
2021-07-12,22.71,157.93
2021-07-13,23.30,154.40
2021-07-14,23.07,154.31
2021-07-15,23.28,154.15
2021-07-16,23.94,151.94
2021-07-19,25.66,155.74
2021-07-20,24.64,154.50
2021-07-21,23.80,155.34
2021-07-22,23.74,152.63
2021-07-23,23.62,159.44
2021-07-26,23.68,153.20
2021-07-27,24.68,151.04
2021-07-28,24.36,152.23
2021-07-29,24.14,149.96
2021-07-30,24.37,153.71
2021-08-02,24.95,153.30
2021-08-03,24.36,152.56
2021-08-04,24.37,151.40
2021-08-05,23.99,150.26
2021-08-06,23.68,150.96
2021-08-09,24.13,153.13
2021-08-10,24.06,153.33
2021-08-11,23.26,154.32
2021-08-12,22.88,157.18
2021-08-13,22.92,159.66
2021-08-16,23.13,152.54
2021-08-17,24.20,149.05
2021-08-18,25.65,148.54
2021-08-19,25.84,151.19
2021-08-20,24.64,153.51
2021-08-23,23.89,159.02
2021-08-24,24.01,157.13
2021-08-25,23.64,159.51
2021-08-26,24.40,157.25
2021-08-27,23.54,162.43
2021-08-30,23.43,157.99
2021-08-31,23.49,155.91
2021-09-01,23.27,154.75
2021-09-02,23.35,156.98
2021-09-03,23.47,162.27
2021-09-07,24.28,154.76
2021-09-08,24.34,153.39
2021-09-09,24.63,149.97
2021-09-10,25.29,151.16
2021-09-13,24.78,148.50
2021-09-14,24.87,146.73
2021-09-15,24.30,154.33
2021-09-16,24.34,152.88
2021-09-17,25.23,149.52
2021-09-20,27.19,141.57
2021-09-21,26.75,139.98
2021-09-22,25.07,144.12
2021-09-23,23.91,146.87
2021-09-24,23.66,145.67
2021-09-27,24.14,144.66
2021-09-28,26.08,140.08
2021-09-29,25.88,137.99
2021-09-30,25.92,135.55
2021-10-01,25.30,135.05
2021-10-04,26.02,130.87
2021-10-05,25.30,131.68
2021-10-06,25.04,131.51
2021-10-07,24.64,133.32
2021-10-08,24.46,134.46
2021-10-11,24.76,134.70
2021-10-12,24.65,134.10
2021-10-13,24.07,135.77
2021-10-14,23.27,143.78
2021-10-15,23.43,147.27
2021-10-18,23.64,143.77
2021-10-19,23.23,141.01
2021-10-20,23.06,141.23
2021-10-21,22.83,140.94
2021-10-22,23.22,139.34
2021-10-25,22.76,140.94
2021-10-26,23.03,141.30
2021-10-27,23.70,140.60
2021-10-28,23.43,144.73
2021-10-29,23.35,148.09
2021-11-01,23.33,145.81
2021-11-02,23.13,146.68
2021-11-03,22.70,149.77
2021-11-04,22.87,151.67
2021-11-05,23.49,148.83
2021-11-08,23.80,149.24
2021-11-09,24.12,144.09
2021-11-10,24.48,144.89
2021-11-11,24.04,144.03
2021-11-12,23.69,144.37
2021-11-15,23.86,142.38
2021-11-16,23.93,139.56
2021-11-17,24.66,141.96
2021-11-18,24.87,144.80
2021-11-19,24.87,148.44
2021-11-22,25.43,147.44
2021-11-23,25.32,146.99
2021-11-24,24.97,148.15
2021-11-26,29.88,148.27
2021-11-29,26.94,149.93
2021-11-30,29.15,150.55
2021-12-01,31.08,155.21
2021-12-02,29.85,151.38
2021-12-03,31.46,149.64
2021-12-06,29.75,151.64
2021-12-07,26.77,151.66
2021-12-08,26.01,151.20
2021-12-09,26.87,149.66
2021-12-10,26.05,147.34
2021-12-13,26.91,146.07
2021-12-14,27.64,137.76
2021-12-15,26.47,141.75
2021-12-16,27.14,140.29
2021-12-17,27.90,134.94
2021-12-20,28.34,131.71
2021-12-21,27.50,136.33
2021-12-22,26.65,142.04
2021-12-23,26.48,150.26
2021-12-27,25.99,151.87
2021-12-28,25.78,153.21
2021-12-29,25.42,156.24
2021-12-30,25.39,155.27
2021-12-31,25.10,154.38
2022-01-03,24.74,151.49
2022-01-04,24.86,150.36
2022-01-05,26.00,143.41
2022-01-06,25.93,140.77
2022-01-07,25.41,139.14
2022-01-10,25.14,139.24
2022-01-11,24.63,138.09
2022-01-12,24.34,135.73
2022-01-13,25.63,133.13
2022-01-14,25.18,133.85
2022-01-18,26.77,129.72
2022-01-19,27.17,134.73
2022-01-20,28.08,127.58
2022-01-21,30.37,136.18
2022-01-24,30.59,136.06
2022-01-25,31.30,133.90
2022-01-26,31.04,133.38
2022-01-27,30.27,132.22
2022-01-28,29.07,132.96
2022-01-31,27.56,131.44
2022-02-01,26.07,133.00
2022-02-02,26.68,132.05
2022-02-03,27.76,132.75
2022-02-04,27.58,129.29
2022-02-07,27.14,126.25
2022-02-08,26.31,127.72
2022-02-09,25.53,129.78
2022-02-10,27.28,128.11
2022-02-11,29.00,126.81
2022-02-14,29.47,128.12
2022-02-15,28.10,129.76
2022-02-16,27.24,132.75
2022-02-17,29.43,131.31
2022-02-18,29.39,128.36
2022-02-22,29.21,128.33
2022-02-23,30.75,126.88
2022-02-24,29.98,130.48
2022-02-25,28.67,132.51
2022-02-28,29.88,137.36
2022-03-01,32.13,134.42
2022-03-02,31.04,136.11
2022-03-03,30.92,133.28
2022-03-04,32.08,134.98
2022-03-07,34.53,136.69
2022-03-08,34.29,135.25
2022-03-09,32.97,134.12
2022-03-10,32.04,130.94
2022-03-11,32.98,130.70
2022-03-14,33.69,131.81
2022-03-15,32.55,130.66
2022-03-16,30.35,132.00
2022-03-17,29.62,134.93
2022-03-18,28.31,136.64
2022-03-21,28.23,135.73
2022-03-22,27.72,139.72
2022-03-23,28.16,136.71
2022-03-24,27.48,138.39
2022-03-25,27.02,140.26
2022-03-28,26.60,138.87
2022-03-29,25.87,140.00
2022-03-30,26.18,139.28
2022-03-31,26.79,140.73
2022-04-01,26.75,145.51
2022-04-04,25.79,146.48
2022-04-05,27.28,141.33
2022-04-06,27.84,144.27
2022-04-07,27.52,139.55
2022-04-08,27.52,141.51
2022-04-11,28.72,137.91
2022-04-12,28.88,137.62
2022-04-13,27.87,139.86
2022-04-14,28.26,134.39
2022-04-18,27.87,130.94
2022-04-19,27.34,130.94
2022-04-20,26.83,134.18
2022-04-21,28.21,132.72
2022-04-22,30.77,136.22
2022-04-25,30.12,133.42
2022-04-26,32.87,137.43
2022-04-27,32.32,138.09
2022-04-28,31.65,136.35
2022-04-29,33.02,136.69
2022-05-02,33.03,131.40
2022-05-03,31.31,129.00
2022-05-04,29.23,127.75
2022-05-05,32.73,128.65
2022-05-06,32.58,126.21
2022-05-09,34.42,127.05
2022-05-10,33.67,125.86
2022-05-11,33.53,124.51
2022-05-12,33.45,119.91
2022-05-13,31.58,122.09
2022-05-16,31.03,117.53
2022-05-17,30.29,117.68
2022-05-18,33.64,123.46
2022-05-19,32.00,122.66
2022-05-20,32.21,122.32
2022-05-23,31.61,120.55
2022-05-24,31.98,122.96
2022-05-25,31.12,118.85
2022-05-26,30.83,122.28
2022-05-27,29.86,121.25
2022-05-31,29.80,119.10
2022-06-01,29.47,119.30
2022-06-02,28.92,121.40
2022-06-03,29.15,122.25
2022-06-06,29.10,122.36
2022-06-07,28.56,120.66
2022-06-08,28.41,119.13
2022-06-09,29.49,120.66
2022-06-10,30.94,121.64
2022-06-13,34.16,124.14
2022-06-14,33.57,125.16
2022-06-15,31.56,118.36
2022-06-16,33.92,122.48
2022-06-17,32.81,121.15
2022-06-21,31.86,121.38
2022-06-22,31.18,119.22
2022-06-23,31.13,121.11
2022-06-24,30.16,120.43
2022-06-27,29.61,119.98
2022-06-28,30.38,120.46
2022-06-29,30.27,119.26
2022-06-30,30.85,119.94
2022-07-01,29.93,118.59
2022-07-05,30.01,118.19
2022-07-06,29.62,117.45
2022-07-07,29.37,118.76
2022-07-08,28.89,118.13
2022-07-11,29.57,119.80
2022-07-12,30.04,121.33
2022-07-13,29.98,120.41
2022-07-14,30.06,121.92
2022-07-15,28.96,122.48
2022-07-18,29.53,120.55
2022-07-19,29.01,120.04
2022-07-20,28.53,117.24
2022-07-21,28.10,118.71
2022-07-22,28.03,119.15
2022-07-25,27.86,119.46
2022-07-26,28.31,121.29
2022-07-27,27.41,121.92
2022-07-28,26.65,122.67
2022-07-29,26.22,122.29
2022-08-01,26.88,122.94
2022-08-02,27.60,121.78
2022-08-03,26.55,121.16
2022-08-04,26.60,122.81
2022-08-05,26.52,125.97
2022-08-08,26.75,123.69
2022-08-09,26.84,123.91
2022-08-10,25.89,125.04
2022-08-11,26.09,126.84
2022-08-12,25.74,129.34
2022-08-15,25.70,127.62
2022-08-16,25.61,126.09
2022-08-17,26.05,122.06
2022-08-18,25.88,124.22
2022-08-19,26.67,123.68
2022-08-22,27.83,123.93
2022-08-23,27.81,123.83
2022-08-24,27.04,122.78
2022-08-25,26.52,123.10
2022-08-26,28.28,124.57
2022-08-29,28.50,121.97
2022-08-30,28.45,121.01
2022-08-31,28.37,119.71
2022-09-01,28.16,120.74
2022-09-02,28.11,119.81
2022-09-06,28.89,119.84
2022-09-07,27.72,119.05
2022-09-08,27.29,119.08
2022-09-09,27.07,119.66
2022-09-12,26.84,121.06
2022-09-13,29.04,125.46
2022-09-14,28.66,120.19
2022-09-15,28.81,119.97
2022-09-16,28.85,117.71
2022-09-19,28.33,116.26
2022-09-20,28.98,116.69
2022-09-21,29.66,116.21
2022-09-22,29.34,115.86
2022-09-23,30.92,118.99
2022-09-26,32.12,120.01
2022-09-27,32.45,120.39
2022-09-28,31.45,120.38
2022-09-29,32.32,121.54
2022-09-30,32.48,123.59
2022-10-03,31.46,121.38
2022-10-04,30.60,122.46
2022-10-05,30.63,121.78
2022-10-06,31.66,122.44
2022-10-07,32.77,121.81
2022-10-10,33.17,120.07
2022-10-11,33.76,120.12
2022-10-12,33.44,119.99
2022-10-13,32.33,117.82
2022-10-14,33.09,119.30
2022-10-17,32.44,116.97
2022-10-18,31.77,116.88
2022-10-19,32.13,117.26
2022-10-20,31.76,117.41
2022-10-21,31.49,116.19
2022-10-24,31.33,114.97
2022-10-25,30.54,114.64
2022-10-26,29.96,113.86
2022-10-27,29.78,113.23
2022-10-28,28.53,112.06
2022-10-31,28.58,111.96
2022-11-01,28.25,111.44
2022-11-02,28.72,111.99
2022-11-03,28.22,110.34
2022-11-04,27.99,111.62
2022-11-07,27.85,111.67
2022-11-08,28.48,113.55
2022-11-09,29.26,114.36
2022-11-10,27.76,111.42
2022-11-11,27.74,114.09
2022-11-14,28.15,113.67
2022-11-15,28.52,115.94
2022-11-16,28.06,115.56
2022-11-17,27.92,115.24
2022-11-18,27.61,114.97
2022-11-21,27.16,114.52
2022-11-22,26.39,116.24
2022-11-23,26.10,118.65
2022-11-25,26.32,128.11
2022-11-28,27.39,118.47
2022-11-29,27.22,120.38
2022-11-30,26.20,118.47
2022-12-01,25.97,117.79
2022-12-02,25.72,118.11
2022-12-05,26.20,117.75
2022-12-06,26.74,117.11
2022-12-07,27.08,117.81
2022-12-08,26.73,117.54
2022-12-09,27.08,119.24
2022-12-12,27.20,121.86
2022-12-13,26.26,122.73
2022-12-14,25.78,124.23
2022-12-15,27.22,124.49
2022-12-16,27.28,120.04
2022-12-19,27.11,117.09
2022-12-20,26.69,115.57
2022-12-21,25.74,114.25
2022-12-22,26.77,114.42
2022-12-23,26.16,114.57
2022-12-27,26.30,113.44
2022-12-28,26.44,112.03
2022-12-29,25.99,113.27
2022-12-30,26.20,113.57
2023-01-03,26.24,112.74
2023-01-04,25.55,112.14
2023-01-05,25.65,112.67
2023-01-06,24.77,113.86
2023-01-09,25.12,114.42
2023-01-10,24.23,114.65
2023-01-11,24.19,115.10
2023-01-12,23.49,117.39
2023-01-13,23.02,121.70
2023-01-17,23.36,120.01
2023-01-18,24.00,119.91
2023-01-19,24.07,121.23
2023-01-20,23.39,120.19
2023-01-23,23.14,120.91
2023-01-24,22.59,121.34
2023-01-25,22.52,121.04
2023-01-26,22.34,121.49
2023-01-27,22.14,121.97
2023-01-30,22.71,120.69
2023-01-31,22.25,123.29
2023-02-01,21.65,122.19
2023-02-02,22.34,123.88
2023-02-03,22.37,123.08
2023-02-06,22.86,123.01
2023-02-07,22.38,123.36
2023-02-08,23.14,121.52
2023-02-09,23.66,120.58
2023-02-10,23.82,120.88
2023-02-13,23.35,122.48
2023-02-14,22.68,121.27
2023-02-15,22.21,121.36
2023-02-16,23.21,123.09
2023-02-17,23.19,122.89
2023-02-21,24.60,124.09
2023-02-22,24.06,122.81
2023-02-23,23.34,121.85
2023-02-24,23.98,121.22
2023-02-27,23.37,120.54
2023-02-28,23.05,120.01
2023-03-01,23.09,118.89
2023-03-02,22.39,117.58
2023-03-03,21.82,118.14
2023-03-06,21.79,120.19
2023-03-07,22.20,120.56
2023-03-08,21.84,119.32
2023-03-09,23.87,122.22
2023-03-10,25.97,130.27
2023-03-13,27.00,132.14
2023-03-14,25.68,132.72
2023-03-15,27.80,136.62
2023-03-16,25.72,134.53
2023-03-17,28.23,131.34
2023-03-20,26.98,129.91
2023-03-21,25.14,127.46
2023-03-22,25.66,123.16
2023-03-23,25.94,125.50
2023-03-24,25.54,126.88
2023-03-27,24.60,126.00
2023-03-28,24.33,122.90
2023-03-29,23.57,123.76
2023-03-30,23.55,126.31
2023-03-31,23.25,125.85
2023-04-03,22.98,126.21
2023-04-04,23.45,127.03
2023-04-05,23.76,126.98
2023-04-06,23.33,124.42
2023-04-10,23.21,126.96
2023-04-11,23.12,127.42
2023-04-12,23.13,130.00
2023-04-13,22.59,132.36
2023-04-14,22.48,134.65
2023-04-17,22.15,135.04
2023-04-18,22.34,137.12
2023-04-19,22.58,130.48
2023-04-20,23.09,133.49
2023-04-21,23.09,132.94
2023-04-24,23.15,132.40
2023-04-25,24.20,130.29
2023-04-26,24.13,130.50
2023-04-27,23.25,136.60
2023-04-28,22.78,138.44
2023-05-01,22.63,135.66
2023-05-02,23.47,131.09
2023-05-03,23.80,130.41
2023-05-04,24.92,130.54
2023-05-05,23.55,134.32
2023-05-08,23.53,132.32
2023-05-09,23.81,133.88
2023-05-10,23.37,138.63
2023-05-11,23.32,138.18
2023-05-12,23.37,140.26
2023-05-15,23.05,138.57
2023-05-16,23.54,137.32
2023-05-17,22.86,137.53
2023-05-18,22.23,138.06
2023-05-19,22.89,135.52
2023-05-22,22.90,136.24
2023-05-23,23.37,136.42
2023-05-24,23.92,138.37
2023-05-25,23.47,140.73
2023-05-26,22.82,146.46
2023-05-30,22.58,145.14
2023-05-31,22.55,158.30
2023-06-01,21.37,151.98
2023-06-02,20.60,142.61
2023-06-05,20.52,143.18
2023-06-06,19.70,146.27
2023-06-07,19.80,151.01
2023-06-08,19.47,155.53
2023-06-09,19.55,152.78
2023-06-12,19.60,157.71
2023-06-13,19.62,156.44
2023-06-14,19.47,150.37
2023-06-15,19.50,147.86
2023-06-16,19.30,143.07
2023-06-20,19.75,138.75
2023-06-21,19.53,133.72
2023-06-22,19.27,136.15
2023-06-23,19.49,137.85
2023-06-26,19.50,140.09
2023-06-27,18.88,140.56
2023-06-28,18.34,138.37
2023-06-29,18.49,143.05
2023-06-30,18.33,149.96
2023-07-03,18.37,145.24
2023-07-05,18.71,144.08
2023-07-06,19.50,148.45
2023-07-07,19.31,148.13
2023-07-10,19.21,142.49
2023-07-11,18.97,143.99
2023-07-12,18.26,148.32
2023-07-13,18.24,147.08
2023-07-14,18.21,149.48
2023-07-17,18.27,142.24
2023-07-18,18.15,141.86
2023-07-19,18.59,141.25
2023-07-20,18.74,142.82
2023-07-21,18.52,142.55
2023-07-24,18.39,143.75
2023-07-25,18.36,142.18
2023-07-26,18.12,143.58
2023-07-27,18.74,147.93
2023-07-28,18.27,143.48
2023-07-31,18.42,145.47
2023-08-01,18.62,142.57
2023-08-02,19.88,145.75
2023-08-03,19.68,147.38
2023-08-04,20.18,153.35
2023-08-07,19.48,148.54
2023-08-08,19.90,142.30
2023-08-09,19.86,137.12
2023-08-10,19.83,136.58
2023-08-11,19.58,135.16
2023-08-14,19.29,136.90
2023-08-15,20.36,136.69
2023-08-16,20.70,132.09
2023-08-17,21.42,132.51
2023-08-18,21.05,134.77
2023-08-21,20.63,133.59
2023-08-22,20.77,134.06
2023-08-23,20.06,131.82
2023-08-24,20.61,132.48
2023-08-25,19.76,132.27
2023-08-28,19.31,130.19
2023-08-29,18.71,135.23
2023-08-30,18.55,142.14
2023-08-31,18.29,144.70
2023-09-01,18.15,144.28
2023-09-05,18.32,139.62
2023-09-06,18.62,137.88
2023-09-07,18.61,135.59
2023-09-08,18.27,138.18
2023-09-11,18.05,138.21
2023-09-12,18.21,136.25
2023-09-13,18.01,137.42
2023-09-14,17.68,144.32
2023-09-15,18.15,142.92
2023-09-18,18.19,137.65
2023-09-19,18.17,137.31
2023-09-20,18.61,135.74
2023-09-21,19.58,135.94
2023-09-22,19.60,137.74
2023-09-25,19.63,133.06
2023-09-26,21.01,136.30
2023-09-27,20.70,135.38
2023-09-28,20.09,133.48
2023-09-29,20.18,134.50
2023-10-02,20.27,129.17
2023-10-03,21.65,129.78
2023-10-04,21.08,130.68
2023-10-05,21.14,129.75
2023-10-06,20.49,129.36
2023-10-09,20.56,133.64
2023-10-10,20.13,135.17
2023-10-11,19.63,137.61
2023-10-12,19.98,136.13
2023-10-13,21.81,144.30
2023-10-16,20.64,137.95
2023-10-17,21.06,138.72
2023-10-18,21.96,137.10
2023-10-19,23.21,137.73
2023-10-20,23.60,136.74
2023-10-23,22.67,133.92
2023-10-24,21.85,132.44
2023-10-25,22.69,132.29
2023-10-26,23.02,133.38
2023-10-27,23.65,132.74
2023-10-30,22.46,130.13
2023-10-31,21.34,128.21
2023-11-01,20.43,129.82
2023-11-02,19.82,133.80
2023-11-03,19.36,140.09
2023-11-06,19.13,137.89
2023-11-07,19.18,139.52
2023-11-08,18.89,139.41
2023-11-09,19.37,139.28
2023-11-10,18.69,139.81
2023-11-13,18.82,135.27
2023-11-14,18.51,138.38
2023-11-15,18.58,142.98
2023-11-16,18.46,154.45
2023-11-17,18.31,146.88
2023-11-20,18.21,143.78
2023-11-21,18.03,140.80
2023-11-22,18.05,141.55
2023-11-24,17.81,144.54
2023-11-27,17.89,142.20
2023-11-28,17.81,142.68
2023-11-29,18.03,139.82
2023-11-30,17.91,140.91
2023-12-01,17.83,138.04
2023-12-04,18.12,136.04
2023-12-05,17.99,134.76
2023-12-06,18.15,132.50
2023-12-07,17.95,130.84
2023-12-08,17.61,134.10
2023-12-11,17.54,140.90
2023-12-12,17.20,148.83
2023-12-13,16.99,152.02
2023-12-14,16.99,162.51
2023-12-15,17.32,153.26
2023-12-18,17.59,139.36
2023-12-19,17.81,133.18
2023-12-20,18.64,136.86
2023-12-21,18.40,138.18
2023-12-22,18.19,134.46
2023-12-26,18.06,135.69
2023-12-27,17.52,135.64
2023-12-28,17.51,136.90
2023-12-29,17.53,138.05
2024-01-02,17.68,134.80
2024-01-03,18.08,134.23
2024-01-04,18.02,136.60
2024-01-05,17.56,132.68
2024-01-08,17.09,137.05
2024-01-09,16.96,140.95
2024-01-10,16.75,137.40
2024-01-11,16.68,140.36
2024-01-12,16.85,143.81
2024-01-16,17.44,139.94
2024-01-17,17.90,147.76
2024-01-18,17.45,148.15
2024-01-19,16.94,147.76
2024-01-22,16.75,146.01
2024-01-23,16.36,148.12
2024-01-24,16.73,150.25
2024-01-25,16.83,153.05
2024-01-26,16.86,151.36
2024-01-29,16.97,149.03
2024-01-30,16.93,148.73
2024-01-31,17.58,150.21
2024-02-01,17.22,160.08
2024-02-02,17.27,160.02
2024-02-05,17.06,155.49
2024-02-06,16.82,152.82
2024-02-07,16.69,151.41
2024-02-08,16.73,150.36
2024-02-09,16.94,156.62
2024-02-12,17.37,152.80
2024-02-13,18.19,170.52
2024-02-14,17.62,160.40
2024-02-15,17.53,148.90
2024-02-16,17.62,142.62
2024-02-20,18.00,141.45
2024-02-21,17.78,142.72
2024-02-22,17.39,145.91
2024-02-23,17.09,144.00
2024-02-26,17.04,143.60
2024-02-27,16.78,147.29
2024-02-28,17.03,149.09
2024-02-29,16.86,149.83
2024-03-01,16.86,150.42
2024-03-04,17.12,145.94
2024-03-05,17.62,144.90
2024-03-06,17.67,143.64
2024-03-07,17.57,142.94
2024-03-08,17.96,141.18
2024-03-11,18.11,142.27
2024-03-12,17.58,142.23
2024-03-13,17.56,144.17
2024-03-14,17.93,143.95
2024-03-15,18.17,138.91
2024-03-18,18.00,139.97
2024-03-19,17.64,141.61
2024-03-20,17.27,141.19
2024-03-21,17.25,154.00
2024-03-22,17.34,155.84
2024-03-25,17.46,151.60
2024-03-26,17.34,157.60
2024-03-27,17.07,157.11
2024-03-28,17.19,155.44
2024-04-01,17.42,146.33
2024-04-02,17.84,142.14
2024-04-03,17.74,138.52
2024-04-04,18.65,142.49
2024-04-05,18.68,142.64
2024-04-08,18.16,140.63
2024-04-09,18.07,139.28
2024-04-10,18.54,139.94
2024-04-11,18.15,136.16
2024-04-12,19.38,142.31
2024-04-15,20.41,137.72
2024-04-16,19.90,135.60
2024-04-17,19.87,134.38
2024-04-18,19.77,131.80
2024-04-19,20.17,133.40
2024-04-22,18.86,131.68
2024-04-23,18.17,135.61
2024-04-24,18.31,135.06
2024-04-25,17.88,134.08
2024-04-26,17.83,140.86
2024-04-29,17.63,138.30
2024-04-30,17.94,132.40
2024-05-01,18.16,133.35
2024-05-02,17.71,132.12
2024-05-03,17.13,135.18
2024-05-06,16.94,130.08
2024-05-07,16.90,133.64
2024-05-08,16.89,133.24
2024-05-09,16.68,136.46
2024-05-10,16.67,137.30
2024-05-13,16.86,139.65
2024-05-14,16.76,140.18
2024-05-15,16.33,140.64
2024-05-16,16.46,147.85
2024-05-17,16.29,143.05
2024-05-20,16.34,144.54
2024-05-21,16.20,149.52
2024-05-22,16.51,150.14
2024-05-23,16.70,153.33
2024-05-24,16.36,155.86
2024-05-28,16.71,152.23
2024-05-29,17.21,151.80
2024-05-30,17.30,146.61
2024-05-31,16.61,148.10
2024-06-03,16.74,139.01
2024-06-04,16.84,138.18
2024-06-05,16.61,141.40
2024-06-06,16.62,140.18
2024-06-07,16.54,139.61
2024-06-10,16.67,141.56
2024-06-11,16.59,144.70
2024-06-12,16.38,150.66
2024-06-13,16.49,162.25
2024-06-14,17.03,156.18
2024-06-17,17.00,153.84
2024-06-18,16.99,142.90
2024-06-20,17.62,148.60
2024-06-21,17.46,151.79
2024-06-24,17.56,147.13
2024-06-25,17.24,146.64
2024-06-26,17.18,143.49
2024-06-27,16.92,143.06
2024-06-28,16.95,141.79
2024-07-01,16.68,145.82
2024-07-02,16.53,147.16
2024-07-03,16.55,148.83
2024-07-05,16.71,150.20
2024-07-08,16.65,148.53
2024-07-09,16.77,151.09
2024-07-10,16.80,156.96
2024-07-11,16.99,152.23
2024-07-12,16.80,150.86
2024-07-15,17.07,147.40
2024-07-16,17.15,151.53
2024-07-17,17.73,146.39
2024-07-18,18.20,151.12
2024-07-19,18.64,146.99
2024-07-22,17.93,141.38
2024-07-23,17.92,137.00
2024-07-24,19.62,136.84
2024-07-25,19.80,134.17
2024-07-26,18.75,131.73
2024-07-29,18.64,128.93
2024-07-30,19.24,127.31
2024-07-31,18.32,136.69
2024-08-01,19.94,132.23
2024-08-02,22.98,139.65
2024-08-05,30.28,145.30
2024-08-06,25.56,145.43
2024-08-07,25.75,146.36
2024-08-08,23.50,147.37
2024-08-09,21.43,144.52
2024-08-12,21.63,140.82
2024-08-13,20.23,143.87
2024-08-14,19.20,141.82
2024-08-15,18.77,143.56
2024-08-16,18.78,142.55
2024-08-19,18.62,141.50
2024-08-20,19.30,146.26
2024-08-21,19.54,149.67
2024-08-22,20.09,154.16
2024-08-23,19.35,153.95
2024-08-26,19.36,151.50
2024-08-27,19.00,151.83
2024-08-28,19.83,151.68
2024-08-29,19.31,153.01
2024-08-30,18.88,159.00
2024-09-03,21.93,163.60
2024-09-04,22.27,160.90
2024-09-05,21.45,156.71
2024-09-06,22.79,148.98
2024-09-09,21.40,140.33
2024-09-10,21.23,139.75
2024-09-11,20.37,139.73
2024-09-12,20.40,145.88
2024-09-13,20.28,149.99
2024-09-16,20.58,152.17
2024-09-17,20.88,157.54
2024-09-18,20.98,167.42
2024-09-19,20.04,171.72
2024-09-20,20.12,165.75
2024-09-23,20.05,165.60
2024-09-24,19.87,162.41
2024-09-25,20.00,160.48
2024-09-26,19.99,158.67
2024-09-27,20.92,160.99
2024-09-30,20.62,154.30
2024-10-01,21.83,158.59
2024-10-02,21.62,161.50
2024-10-03,22.28,162.78
2024-10-04,21.60,156.43
2024-10-07,23.02,155.57
2024-10-08,22.45,156.28
2024-10-09,21.85,156.93
2024-10-10,21.96,154.09
2024-10-11,21.76,159.43
2024-10-14,21.14,153.08
2024-10-15,21.52,159.69
2024-10-16,21.14,161.85
2024-10-17,20.75,165.82
2024-10-18,20.23,155.55
2024-10-21,20.20,150.97
2024-10-22,20.22,146.80
2024-10-23,20.74,146.97
2024-10-24,20.56,144.71
2024-10-25,21.51,148.91
2024-10-28,20.79,148.46
2024-10-29,20.45,150.74
2024-10-30,21.23,153.45
2024-10-31,22.61,152.07
2024-11-01,22.18,146.66
2024-11-04,22.00,148.95
2024-11-05,20.85,152.68
2024-11-06,19.17,148.11
2024-11-07,18.61,152.12
2024-11-08,18.56,150.34
2024-11-11,18.47,140.32
2024-11-12,18.54,141.50
2024-11-13,18.46,142.92
2024-11-14,18.57,147.98
2024-11-15,19.25,149.55
2024-11-18,18.76,147.33
2024-11-19,19.16,149.46
2024-11-20,19.43,153.00
2024-11-21,19.41,155.72
2024-11-22,18.78,161.64
2024-11-25,18.44,167.28
2024-11-26,18.17,166.23
2024-11-27,18.28,167.94
2024-11-29,18.15,
2024-12-02,18.05,170.65
2024-12-03,17.98,170.23
2024-12-04,18.30,172.45
2024-12-05,18.36,173.93
2024-12-06,18.21,168.05
2024-12-09,18.78,163.14
2024-12-10,18.80,165.12
2024-12-11,18.90,169.06
2024-12-12,19.31,167.43
2024-12-13,19.23,169.91
2024-12-16,19.50,166.79
2024-12-17,19.87,173.04
2024-12-18,23.62,168.92
2024-12-19,23.91,163.10
2024-12-20,21.50,161.21
2024-12-23,20.32,170.65
2024-12-24,19.28,180.09
2024-12-26,19.38,173.72
2024-12-27,19.88,167.92
2024-12-30,20.50,161.08
2024-12-31,20.55,169.16
2025-01-02,20.71,157.20
2025-01-03,19.82,157.32
2025-01-06,19.65,152.64
2025-01-07,20.48,155.10
2025-01-08,20.46,154.34
2025-01-10,21.71,151.45
2025-01-13,21.14,170.55
2025-01-14,20.92,167.64
2025-01-15,19.79,163.54
2025-01-16,19.90,167.41
2025-01-17,19.80,165.35
2025-01-21,19.21,173.00
2025-01-22,19.39,179.98
2025-01-23,19.18,179.32
2025-01-24,19.24,173.16
2025-01-27,20.10,168.55
2025-01-28,19.47,163.64
2025-01-29,19.59,157.43
2025-01-30,19.33,156.70
2025-01-31,19.77,158.47
2025-02-03,20.35,155.45
2025-02-04,19.83,159.44
2025-02-05,19.24,162.64
2025-02-06,19.22,163.57
2025-02-07,19.76,166.53
2025-02-10,19.44,166.95
2025-02-11,19.48,168.81
2025-02-12,19.54,166.10
2025-02-13,19.11,163.36
2025-02-14,19.19,167.97
2025-02-18,19.32,183.12
2025-02-19,19.41,175.76
2025-02-20,19.66,178.57
2025-02-21,20.60,165.00
2025-02-24,20.88,156.93
2025-02-25,21.04,157.60
2025-02-26,20.81,153.44
2025-02-27,21.91,149.32
2025-02-28,21.17,157.94
2025-03-03,22.50,154.26
2025-03-04,22.91,151.38
2025-03-05,22.10,138.88
2025-03-06,23.69,137.65
2025-03-07,22.84,139.94
2025-03-10,24.98,146.04
2025-03-11,24.84,132.79
2025-03-12,23.52,128.69
2025-03-13,23.71,128.86
2025-03-14,22.37,130.30
2025-03-17,21.66,133.90
2025-03-18,22.12,136.75
2025-03-19,21.34,136.45
2025-03-20,21.26,140.79
2025-03-21,20.98,141.73
2025-03-24,19.96,144.01
2025-03-25,20.08,148.68
2025-03-26,20.86,144.75
2025-03-27,21.00,140.85
2025-03-28,22.58,139.04
2025-03-31,22.45,148.58
2025-04-01,22.32,143.01
2025-04-02,21.89,144.27
2025-04-03,26.19,139.20
2025-04-04,32.55,136.54
2025-04-07,32.38,133.82
2025-04-08,35.77,135.68
2025-04-09,27.45,142.23
2025-04-10,32.53,127.54
2025-04-11,31.60,128.64
2025-04-14,28.77,135.71
2025-04-15,28.20,135.76
2025-04-16,29.78,131.32
2025-04-17,28.88,130.02
2025-04-21,30.93,125.77
2025-04-22,28.93,125.93
2025-04-23,27.84,126.67
2025-04-24,26.73,129.02
2025-04-25,25.89,132.37
2025-04-28,26.10,131.28
2025-04-29,25.83,134.29
2025-04-30,25.99,132.73
2025-05-01,25.91,134.07
2025-05-02,24.70,134.78
2025-05-05,25.11,134.12
2025-05-06,25.76,133.24
2025-05-07,25.28,132.21
2025-05-08,24.60,131.52
2025-05-09,24.33,128.40
2025-05-12,21.66,137.67
2025-05-13,21.45,140.52
2025-05-14,21.83,138.94
2025-05-15,21.59,140.85
2025-05-16,21.63,136.01
2025-05-19,22.01,135.94
2025-05-20,22.04,137.27
2025-05-21,23.54,137.28
2025-05-22,23.35,139.04
2025-05-23,24.39,139.34
2025-05-27,22.43,140.89
2025-05-28,22.74,137.65
2025-05-29,22.77,137.26
2025-05-30,22.72,138.25
2025-06-02,22.45,141.04
2025-06-03,22.13,141.60
2025-06-04,22.17,137.46
2025-06-05,22.51,140.09
2025-06-06,21.75,138.85
2025-06-09,21.82,139.18
2025-06-10,21.60,141.22
2025-06-11,21.81,141.39
2025-06-12,22.10,145.60
2025-06-13,23.40,149.65
2025-06-16,22.43,156.60
2025-06-17,23.62,154.36
2025-06-18,22.97,148.41
2025-06-20,23.44,149.19
2025-06-23,22.90,154.78
2025-06-24,21.67,154.97
2025-06-25,21.45,152.24
2025-06-26,21.26,147.46
2025-06-27,21.31,143.44
2025-06-30,21.27,139.65
2025-07-01,21.32,140.07
2025-07-02,21.16,139.28
2025-07-03,21.02,141.36
2025-07-07,21.61,137.96
2025-07-08,21.11,140.80
2025-07-09,20.72,141.75
2025-07-10,20.68,143.32
2025-07-11,21.09,144.96
2025-07-14,21.32,147.00
2025-07-15,21.49,143.72
2025-07-16,21.60,146.71
2025-07-17,21.39,151.12
2025-07-18,21.33,150.45
2025-07-21,21.26,154.83
2025-07-22,21.35,153.44
2025-07-23,20.60,159.29
2025-07-24,20.57,159.41
2025-07-25,20.33,145.57
2025-07-28,20.14,147.65
2025-07-29,20.61,149.12
2025-07-30,20.30,154.08
2025-07-31,20.84,152.29
2025-08-01,22.33,155.49
2025-08-04,21.03,159.31
2025-08-05,21.33,149.91
2025-08-06,21.00,149.71
2025-08-07,20.91,147.03
2025-08-08,20.48,147.53
2025-08-11,20.80,148.55
2025-08-12,20.23,151.45
2025-08-13,20.35,153.13
2025-08-14,20.49,150.62
2025-08-15,20.66,153.79
2025-08-18,20.54,153.95
2025-08-19,20.97,153.17
2025-08-20,21.06,144.56
2025-08-21,21.40,144.32
2025-08-22,20.15,146.39
2025-08-25,20.48,149.99
2025-08-26,20.46,156.53
2025-08-27,20.62,150.88
2025-08-28,20.41,152.50
2025-08-29,20.83,152.10
2025-09-02,21.42,151.48
2025-09-03,21.05,150.22
2025-09-04,20.81,153.96
2025-09-05,20.64,148.16
2025-09-08,20.49,148.82
2025-09-09,20.51,150.93
2025-09-10,20.58,151.92
2025-09-11,20.34,147.63
2025-09-12,20.40,149.49
2025-09-15,20.74,152.11
2025-09-16,21.01,148.21
2025-09-17,20.66,146.37
2025-09-18,20.73,148.19
2025-09-19,20.74,146.97
2025-09-22,21.10,145.46
2025-09-23,21.45,146.53
2025-09-24,21.21,145.87
2025-09-25,21.38,145.89
2025-09-26,20.67,141.51
2025-09-29,20.98,143.03
2025-09-30,20.95,143.44
2025-10-01,20.97,143.68
2025-10-02,21.08,145.93
2025-10-03,21.22,144.65
2025-10-06,21.25,142.50
2025-10-07,21.58,145.22
2025-10-08,21.36,145.76
2025-10-09,21.37,145.34
2025-10-10,23.78,138.86
2025-10-13,22.41,142.81
2025-10-14,23.18,146.48
2025-10-15,23.20,144.98
2025-10-16,25.15,147.14
2025-10-17,23.38,147.63
2025-10-20,22.28,151.31
2025-10-21,22.10,149.95
2025-10-22,22.37,152.85
2025-10-23,21.90,154.34
2025-10-24,21.54,153.49
2025-10-27,21.41,148.50
2025-10-28,21.85,140.37
2025-10-29,22.02,139.45
2025-10-30,22.08,141.15
2025-10-31,22.54,142.78
2025-11-03,22.54,141.99
2025-11-04,23.17,144.01
2025-11-05,22.64,143.64
2025-11-06,23.16,143.54
2025-11-07,22.99,141.27
2025-11-10,22.37,142.94
2025-11-11,22.50,143.45
2025-11-12,22.54,138.57
2025-11-13,23.59,142.49
2025-11-14,23.35,137.93
2025-11-17,24.32,140.90
2025-11-18,25.29,142.98
2025-11-19,25.00,143.05
2025-11-20,26.23,144.96
2025-11-21,25.16,148.34
2025-11-24,23.75,148.60
2025-11-25,22.98,151.68
2025-11-26,22.45,145.04
2025-11-28,22.10,143.00
2025-12-01,22.45,144.86
2025-12-02,22.20,144.94
2025-12-03,22.10,149.23
2025-12-04,21.93,148.91
2025-12-05,21.71,148.83
2025-12-08,22.16,150.63
2025-12-09,22.25,150.32
2025-12-10,21.68,147.55
2025-12-11,21.40,148.32
2025-12-12,21.62,153.59
2025-12-15,21.95,161.86
2025-12-16,21.97,156.99
2025-12-17,22.14,153.49
2025-12-18,21.71,155.38
2025-12-19,20.79,155.87
2025-12-22,20.42,159.93
2025-12-23,20.58,160.53
2025-12-24,20.59,161.30
2025-12-26,20.64,151.45
2025-12-29,20.60,150.47
2025-12-30,20.69,148.33
2025-12-31,20.94,148.70
2026-01-02,20.87,141.86
2026-01-05,20.96,142.45
2026-01-06,20.78,146.23
2026-01-07,21.10,143.57
2026-01-08,20.91,147.08
2026-01-09,20.57,146.04
2026-01-12,20.70,149.75
2026-01-13,21.21,151.60
2026-01-14,21.53,152.52
2026-01-15,21.28,151.57
2026-01-16,21.32,153.59
2026-01-20,23.04,154.96
2026-01-21,21.62,144.41
2026-01-22,21.27,141.31
2026-01-23,21.53,144.02
2026-01-26,21.60,148.10
2026-01-27,21.75,147.25
2026-01-28,21.72,144.98
2026-01-29,21.97,143.74
2026-01-30,22.23,143.65
2026-02-02,21.68,146.56
2026-02-03,22.24,143.85
2026-02-04,22.37,143.16
2026-02-05,23.66,137.16
2026-02-06,22.23,140.31
2026-02-09,21.94,145.23
2026-02-10,22.33,145.71
2026-02-11,22.26,143.78
2026-02-12,23.44,142.50
2026-02-13,23.56,139.35
2026-02-17,23.18,140.28
2026-02-18,23.09,139.17
2026-02-19,23.56,141.19
2026-02-20,23.07,145.52
2026-02-23,23.91,141.43
2026-02-24,23.31,141.94
2026-02-25,22.79,146.05
2026-02-26,23.09,146.57
2026-02-27,23.59,146.67
2026-03-02,24.15,151.78
2026-03-03,24.75,152.83
2026-03-04,23.90,152.87
2026-03-05,24.92,153.95
2026-03-06,27.99,151.80
2026-03-09,26.14,157.98
2026-03-10,26.39,154.46
2026-03-11,25.85,152.44
2026-03-12,27.26,139.94
2026-03-13,27.43,137.76
2026-03-16,25.63,141.49
2026-03-17,25.28,145.04
2026-03-18,27.20,136.54
2026-03-19,26.44,138.26
2026-03-20,28.35,139.12
2026-03-23,26.94,142.02
2026-03-24,27.22,142.63
2026-03-25,26.69,140.88
2026-03-26,27.91,143.99
2026-03-27,29.78,139.00
2026-03-30,29.68,142.23
2026-03-31,26.93,145.45
2026-04-01,26.17,143.77
2026-04-02,26.03,146.95
2026-04-06,25.82,147.60
2026-04-07,26.41,148.45
2026-04-08,24.02,150.36
2026-04-09,23.39,143.27
2026-04-10,23.51,144.18
2026-04-13,23.00,156.93
2026-04-14,22.77,149.94
2026-04-15,22.84,139.23
2026-04-16,22.78,140.74
2026-04-17,22.57,141.82
2026-04-20,23.14,141.90
2026-04-21,23.19,140.91
2026-04-22,23.13,140.84
2026-04-23,23.31,139.59
2026-04-24,23.27,139.08
2026-04-27,23.03,139.64
2026-04-28,22.87,138.16
2026-04-29,23.25,141.88
2026-04-30,22.61,143.33
2026-05-01,22.69,141.38
2026-05-04,23.07,141.74
2026-05-05,22.94,138.74
2026-05-06,22.65,135.42
2026-05-07,22.48,136.11
2026-05-08,22.59,138.21
2026-05-11,23.06,140.21
2026-05-12,23.03,139.41
2026-05-13,23.20,141.51
2026-05-14,22.98,139.32
2026-05-15,23.25,145.77
2026-05-18,22.86,138.40
2026-05-19,23.01,135.50
2026-05-20,22.81,132.31
2026-05-21,22.27,136.96
2026-05-22,22.35,137.39
2026-05-26,22.46,139.04
2026-05-27,22.11,138.57
2026-05-28,21.95,139.52
2026-05-29,21.60,144.18
2026-06-01,22.13,142.46
2026-06-02,22.13,143.24
2026-06-03,22.32,136.86
2026-06-04,21.89,142.15
2026-06-05,23.49,152.25
2026-06-08,22.67,145.00
2026-06-09,22.97,141.97
2026-06-10,24.13,143.08
2026-06-11,23.14,142.98
2026-06-12,22.59,142.60
2026-06-15,21.77,144.32
2026-06-16,21.87,142.66
2026-06-17,22.62,142.62
2026-06-18,21.99,146.72
2026-06-22,22.15,141.85
2026-06-23,22.97,143.14
2026-06-24,22.40,145.30
2026-06-25,22.35,139.89
2026-06-26,22.26,139.40
2026-06-29,21.80,144.46
2026-06-30,21.50,149.60
2026-07-01,21.63,154.82
2026-07-02,21.50,150.02
2026-07-06,21.24,145.38
2026-07-07,21.38,145.74
2026-07-08,21.56,149.79
2026-07-09,21.32,144.67
2026-07-10,21.09,144.27
2026-07-13,21.69,145.69
2026-07-14,21.52,145.13
2026-07-15,21.23,148.51
2026-07-16,21.68,145.72
2026-07-17,22.28,147.28
2026-07-20,22.20,146.05
2026-07-21,21.66,151.66
2026-07-22,21.68,150.19
2026-07-23,22.48,145.95
2026-07-24,22.43,147.28
2026-07-27,22.11,146.60
2026-07-28,21.82,142.98
2026-07-29,23.06,139.55
2026-07-30,21.61,139.90
2026-07-31,21.34,141.23
2026-08-03,21.20,139.96
2026-08-04,21.35,126.41
2026-08-05,21.06,133.32
2026-08-06,20.91,134.73
2026-08-07,21.02,132.57
2026-08-10,21.14,137.13
2026-08-11,21.10,135.59
2026-08-12,20.82,136.54
2026-08-13,20.93,134.37
2026-08-14,20.80,138.36
2026-08-17,21.33,142.91
2026-08-18,21.37,143.60
2026-08-19,20.90,142.93
2026-08-20,21.25,143.23
2026-08-21,20.90,143.90
2026-08-24,21.04,145.64
2026-08-25,20.84,143.27
2026-08-26,20.64,142.96
2026-08-27,20.36,144.05
2026-08-28,20.30,149.77
2026-08-31,20.17,148.53
2026-09-01,20.56,149.23
2026-09-02,20.36,144.12
2026-09-03,19.78,150.63
2026-09-04,19.89,151.58
2026-09-08,20.34,148.86
2026-09-09,20.63,149.25
2026-09-10,21.17,147.02
2026-09-11,20.39,154.49
2026-09-14,20.71,152.09
2026-09-15,20.76,146.61
2026-09-16,21.03,145.95
2026-09-17,20.30,145.70
2026-09-18,20.21,148.10
2026-09-21,20.16,142.19
2026-09-22,19.79,144.80
2026-09-23,20.11,146.15
2026-09-24,20.35,146.04
2026-09-25,20.01,144.91
