### SPX option chain, Cboe delayed quotes endpoint
### https://cdn.cboe.com/api/global/delayed_quotes/options/_SPX.json (redirects to cdn-api.cboe.com)
# timestamp=2026-09-28 14:14:03 spot=7710.3101 otm_rows=1730 parity_rows=687
### Retrieved 28 September 2026. Standard SPX (AM-settled) series only, strikes on the
### 25-point grid, both sides quoted, open interest above zero.
### Near-the-money slice with both a call and a put at each strike, 0.93 to 1.07 of spot,
### used to imply the forward and the discount factor per expiry by put-call parity.
expiry,strike,call_bid,call_ask,call_oi,put_bid,put_ask,put_oi
2026-10-16,7175,555,557.3,826,7.6,7.9,3004
2026-10-16,7200,530.8,532.8,4764,8.2,8.5,21853
2026-10-16,7225,506.5,508.8,826,8.9,9.2,5920
2026-10-16,7250,482.4,484.3,6682,9.7,10,10450
2026-10-16,7275,458.2,460.4,924,10.5,10.9,2326
2026-10-16,7300,434.5,436.3,7391,11.5,11.8,18803
2026-10-16,7325,410.6,412.7,793,12.6,13,3425
2026-10-16,7350,387,388.8,2149,13.9,14.3,16370
2026-10-16,7375,363.6,365.5,768,15.3,15.8,2445
2026-10-16,7400,340.4,342.4,7159,17,17.4,20155
2026-10-16,7425,317.2,319.1,665,18.9,19.4,4504
2026-10-16,7450,294.7,296.3,2518,21.1,21.6,10817
2026-10-16,7475,272.1,273.9,1962,23.7,24.2,3434
2026-10-16,7500,250.3,251.8,9251,26.6,27.1,35951
2026-10-16,7525,228.6,230.3,1072,29.9,30.5,2055
2026-10-16,7550,207.6,209,3572,33.8,34.4,6035
2026-10-16,7575,187,188.5,1149,38.2,38.8,2099
2026-10-16,7600,167.2,168.8,12528,43.2,43.9,14937
2026-10-16,7625,148,149.7,2160,49.1,49.7,5144
2026-10-16,7650,130.1,131.1,8431,55.8,56.4,13113
2026-10-16,7675,112.9,113.9,3535,63.4,64.1,2292
2026-10-16,7700,96.8,97.5,19190,72.2,72.9,22842
2026-10-16,7725,81.8,82.6,3393,82.2,83,3240
2026-10-16,7750,68.3,69,11754,93.3,94.4,8060
2026-10-16,7775,56.2,56.8,2067,106.1,107.1,951
2026-10-16,7800,45.5,46.1,24148,119.9,121.5,12943
2026-10-16,7825,36.4,37,4066,135.8,137.4,473
2026-10-16,7850,28.7,29.2,13135,152.8,154.6,834
2026-10-16,7875,22.3,22.9,4846,171.5,173.3,245
2026-10-16,7900,17.2,17.7,17594,190.6,193.1,766
2026-10-16,7925,13.1,13.6,2529,211.7,214.2,10
2026-10-16,7950,10,10.4,14888,233.6,235.9,80
2026-10-16,7975,7.6,8,3352,256.4,258.6,28
2026-10-16,8000,5.8,6.1,193500,279.2,281.6,179272
2026-10-16,8025,4.4,4.7,2260,303.1,305.4,30
2026-10-16,8050,3.4,3.7,11734,326.8,329.4,10
2026-10-16,8075,2.7,2.9,6225,350.9,353.8,20
2026-10-16,8100,2.15,2.4,10206,375.4,378,785
2026-10-16,8125,1.75,1.95,5894,399.8,402.8,2
2026-10-16,8150,1.45,1.65,7760,418.1,437,24
2026-10-16,8175,1.2,1.4,721,441.7,461.7,11
2026-10-16,8200,1.05,1.25,18892,466.1,486.4,10
2026-10-16,8225,0.9,1.1,1111,492.2,511.2,1
2026-10-16,8250,0.8,0.95,6322,517.1,536,2257
2026-11-20,7175,611.1,613.5,658,40.4,40.9,4825
2026-11-20,7200,588.6,590.5,3146,42.5,43,16300
2026-11-20,7225,565.8,568.1,686,44.7,45.3,1481
2026-11-20,7250,543.5,545.4,2308,47.1,47.7,7953
2026-11-20,7275,521,523.2,153,49.6,50.3,4530
2026-11-20,7300,499.2,500.9,3775,52.4,52.9,12927
2026-11-20,7325,477,479.2,407,55.3,55.9,1874
2026-11-20,7350,455.5,457.3,2215,58.4,59,12487
2026-11-20,7375,433.9,435.9,581,61.7,62.4,3793
2026-11-20,7400,412.7,414.5,5955,65.3,66,19168
2026-11-20,7425,391.7,393.6,400,69.2,69.9,1386
2026-11-20,7450,371.5,372.4,2570,73.3,74,7592
2026-11-20,7475,351,352.1,1651,77.8,78.5,10065
2026-11-20,7500,331.1,332,6655,82.6,83.2,19534
2026-11-20,7525,311.4,312.4,925,87.7,88.5,1321
2026-11-20,7550,292.2,293.2,2970,93.3,94.1,9615
2026-11-20,7575,273.3,274.3,431,99.3,100.1,1420
2026-11-20,7600,254.9,255.9,5340,105.7,106.4,10722
2026-11-20,7625,237.1,238,2042,112.6,113.4,1982
2026-11-20,7650,219.7,220.6,4656,120.1,120.8,5977
2026-11-20,7675,202.9,203.8,648,128.1,129,1604
2026-11-20,7700,186.8,187.6,15116,136.8,137.6,14308
2026-11-20,7725,171.3,172.1,1876,146.1,147,906
2026-11-20,7750,156.6,157.4,5324,156.1,156.9,5323
2026-11-20,7775,142.6,143.3,1010,166.9,167.8,767
2026-11-20,7800,129.1,129.9,10628,178.4,179.3,6366
2026-11-20,7825,116.6,117.4,1382,190.7,191.6,1253
2026-11-20,7850,105,105.7,6838,203.8,204.7,1370
2026-11-20,7875,93.9,94.7,1245,217.8,218.8,371
2026-11-20,7900,83.9,84.6,13609,232.5,233.4,1532
2026-11-20,7925,74.5,75.3,1678,248,249,41
2026-11-20,7950,66.1,66.6,5223,264.3,265.2,372
2026-11-20,7975,58.3,59,1124,281.4,282.4,21
2026-11-20,8000,51.3,51.8,78102,298.8,300.2,59057
2026-11-20,8025,45,45.5,952,317.2,318.9,8
2026-11-20,8050,39.3,39.7,8444,336,337.9,212
2026-11-20,8100,29.7,30.1,16578,376.4,378,15
2026-11-20,8125,25.7,26.1,4879,397.1,399,30
2026-11-20,8150,22.2,22.5,6937,418.1,420.2,18
2026-11-20,8200,16.3,16.8,10323,462.3,464.1,1007
2026-11-20,8225,14,14.4,1886,484.6,486.8,30
2026-11-20,8250,12,12.4,3925,507.6,509.5,40
2026-12-18,7175,656,657.8,2719,66.9,67.6,6598
2026-12-18,7200,634.1,636.2,20906,69.7,70.3,26267
2026-12-18,7225,612.1,613.8,3374,72.5,73.2,3929
2026-12-18,7250,590.4,592.5,6026,75.5,76.1,18278
2026-12-18,7275,568.7,570.5,2656,78.7,79.3,6055
2026-12-18,7300,547.5,549.5,7289,82,82.6,28674
2026-12-18,7325,526.1,527.8,7353,85.5,86.2,5992
2026-12-18,7350,505.2,507.1,10424,89.3,89.9,9759
2026-12-18,7375,484.3,485.9,943,93.2,93.8,3121
2026-12-18,7400,463.9,465.3,21345,97.4,98,32615
2026-12-18,7425,443.4,444.9,2331,101.7,102.5,2410
2026-12-18,7450,423.3,424.9,11959,106.4,107,16299
2026-12-18,7475,403.6,405.1,2632,111.3,112.1,3291
2026-12-18,7500,384.2,385.8,28005,116.5,117.2,34653
2026-12-18,7525,364.9,366.3,2067,122.1,122.8,3618
2026-12-18,7550,346.3,347.5,10761,128,128.6,11693
2026-12-18,7575,327.7,328.9,3173,134.2,134.9,3503
2026-12-18,7600,309.6,310.6,33054,140.8,141.5,33534
2026-12-18,7625,291.9,292.8,4109,147.8,148.5,3461
2026-12-18,7650,274.7,275.6,30049,155.3,156,31682
2026-12-18,7675,257.8,258.7,8788,163.2,163.9,5186
2026-12-18,7700,241.5,242.4,79970,171.6,172.3,76009
2026-12-18,7725,225.7,226.6,3159,180.5,181.2,1748
2026-12-18,7750,210.4,211.3,17594,190,190.7,17284
2026-12-18,7775,195.7,196.6,3679,200,200.7,3136
2026-12-18,7800,181.6,182.4,32993,210.6,211.3,22111
2026-12-18,7825,168.1,168.8,8600,221.8,222.6,5093
2026-12-18,7850,155.2,156,22689,233.6,234.4,19532
2026-12-18,7875,143,143.8,2160,246.1,246.9,597
2026-12-18,7900,131.3,132.1,27046,259.3,260.1,9584
2026-12-18,7925,120.4,121.2,1701,273,273.9,59
2026-12-18,7950,110.1,110.9,6518,287.5,288.3,301
2026-12-18,7975,100.4,101.2,1593,302.2,303.5,523
2026-12-18,8000,91.5,92.1,283278,318,319.2,264839
2026-12-18,8025,83.1,83.8,1444,334.3,335.8,287
2026-12-18,8050,75.3,75.9,10977,351.4,352.7,29
2026-12-18,8075,68.2,68.8,2033,368.7,370.4,377
2026-12-18,8100,61.6,62.1,22867,386.7,388.5,7024
2026-12-18,8125,55.5,56.1,8611,405.3,407.3,169
2026-12-18,8150,50,50.4,6890,424.5,426.4,185
2026-12-18,8175,44.9,45.4,5063,444,446.3,76
2026-12-18,8200,40.3,40.7,22881,464.3,466.1,1144
2026-12-18,8225,36,36.5,998,484.6,487,50
2026-12-18,8250,32.2,32.6,10001,505.2,507.7,226
2027-01-15,7175,704.5,707.1,369,87.6,88.3,859
2027-01-15,7200,683.2,685.3,2933,90.6,91.3,6443
2027-01-15,7225,661.5,664,625,93.6,94.5,3236
2027-01-15,7250,640.4,642.6,1032,97.1,97.8,6957
2027-01-15,7275,619.2,621.6,346,100.6,101.3,1039
2027-01-15,7300,598.2,600.4,4178,104.2,104.9,6997
2027-01-15,7325,577.3,579.7,1789,108,108.8,1455
2027-01-15,7350,556.9,558.9,1515,112,112.8,5944
2027-01-15,7375,536.4,538.6,732,116.1,117,1999
2027-01-15,7400,516.1,518.2,5673,120.6,121.4,4901
2027-01-15,7425,496.2,498.3,1009,125.1,126.1,3019
2027-01-15,7450,476.4,478.4,2981,130.1,130.9,5300
2027-01-15,7475,456.9,459,448,135.2,136,1814
2027-01-15,7500,437.7,439.5,8790,140.5,141.3,18731
2027-01-15,7525,418.6,420.7,607,146,147,1187
2027-01-15,7550,400.1,401.8,1720,151.9,152.9,10688
2027-01-15,7575,381.7,383.6,1671,158.1,159.2,1320
2027-01-15,7600,363.9,365,6381,164.8,165.6,15489
2027-01-15,7625,346.2,347.2,811,171.7,172.5,1976
2027-01-15,7650,328.7,329.8,3421,178.9,179.8,7089
2027-01-15,7675,311.8,312.9,1056,186.4,187.4,1785
2027-01-15,7700,295.1,296.3,4702,194.5,195.4,3801
2027-01-15,7725,278.9,280.1,1207,202.8,203.9,1400
2027-01-15,7750,263.3,264.3,2291,211.8,212.8,2562
2027-01-15,7775,247.9,249,2072,221.1,222.2,1323
2027-01-15,7800,233.3,234.2,6371,230.9,232,5430
2027-01-15,7825,218.8,219.6,1471,241.3,242.3,481
2027-01-15,7850,205,206,3213,252.1,253.2,988
2027-01-15,7875,191.8,192.5,1837,263.5,264.6,890
2027-01-15,7900,179.1,179.7,3198,275.4,276.5,1121
2027-01-15,7925,166.8,167.8,2371,287.8,288.9,1197
2027-01-15,7950,155.2,156,2729,300.9,301.9,629
2027-01-15,7975,144.1,144.9,814,314.4,315.5,907
2027-01-15,8000,133.6,134.3,62087,328.5,329.6,58826
2027-01-15,8025,123.6,124.4,1504,343.2,344.2,270
2027-01-15,8050,114.2,114.8,1871,358.1,359.5,658
2027-01-15,8075,105.3,106.1,499,373.8,375.4,277
2027-01-15,8100,97.1,97.7,4753,390.3,391.6,1216
2027-01-15,8125,89.2,89.9,566,407,408.6,234
2027-01-15,8150,82,82.6,2213,424.4,425.9,110
2027-01-15,8175,75.2,75.8,368,441.8,444,126
2027-01-15,8200,68.9,69.4,10053,460.2,462.2,856
2027-01-15,8225,63,63.6,998,478.8,481.1,57
2027-01-15,8250,57.6,58.1,4847,498.1,500.2,48
2027-02-19,7175,756.3,759,98,113.6,114.3,668
2027-02-19,7200,735.4,737.8,2675,117.1,117.8,3140
2027-02-19,7225,714.5,717,430,120.7,121.4,1905
2027-02-19,7250,693.9,696.1,457,124.4,125.2,1401
2027-02-19,7275,673,675.6,112,128.3,129.2,1861
2027-02-19,7300,652.8,655,1956,132.4,133.1,4243
2027-02-19,7325,632.4,634.8,611,136.6,137.5,265
2027-02-19,7350,612.5,614.7,2053,141,141.8,4924
2027-02-19,7375,592.5,594.7,218,145.6,146.5,598
2027-02-19,7400,572.7,574.9,2967,150.3,151.3,4376
2027-02-19,7425,553.1,555.4,84,155.3,156.1,3467
2027-02-19,7450,533.7,535.9,4487,160.5,161.3,1318
2027-02-19,7475,514.6,516.9,217,165.8,166.7,600
2027-02-19,7500,495.8,498,4378,171.5,172.3,3231
2027-02-19,7525,477,479.4,557,177.3,178.2,192
2027-02-19,7550,458.8,460.7,1519,183.4,184.3,619
2027-02-19,7575,440.6,442.7,161,189.8,190.7,491
2027-02-19,7600,423.2,424.4,1355,196.5,197.3,3797
2027-02-19,7625,405.6,406.9,177,203.3,204.3,3511
2027-02-19,7650,388.3,389.6,711,210.7,211.5,1542
2027-02-19,7675,371.3,372.6,171,218.2,219.1,560
2027-02-19,7700,354.7,356,1259,226.1,227,1405
2027-02-19,7725,338.4,339.7,407,234.2,235.3,530
2027-02-19,7750,322.5,323.7,919,242.9,243.8,704
2027-02-19,7775,306.9,308.2,879,251.8,252.9,807
2027-02-19,7800,291.8,293.1,1817,261.3,262.2,1656
2027-02-19,7825,277,278.2,722,270.8,272,493
2027-02-19,7850,262.7,263.8,853,281.2,282.1,1066
2027-02-19,7875,248.8,249.9,470,291.6,292.9,360
2027-02-19,7900,235.3,236.4,987,302.6,303.9,719
2027-02-19,7925,222.3,223.3,1541,314.1,315.3,1044
2027-02-19,7950,209.7,210.7,1336,326,327.3,402
2027-02-19,7975,197.6,198.6,911,338.4,339.7,111
2027-02-19,8000,186,186.7,20397,351.3,352.6,18786
2027-02-19,8025,174.7,175.7,196,364.6,365.9,53
2027-02-19,8050,164.1,164.8,1048,378.5,379.7,237
2027-02-19,8075,153.7,154.5,722,392.7,394,91
2027-02-19,8100,143.9,144.7,1738,407.3,408.8,261
2027-02-19,8125,134.6,135.4,386,422.4,424,49
2027-02-19,8150,125.8,126.5,2318,438.2,439.7,251
2027-02-19,8175,117.3,118.1,267,454.1,455.8,50
2027-02-19,8200,109.4,110.1,2119,470.9,472.4,79
2027-02-19,8225,101.9,102.6,371,487.7,489.5,47
2027-02-19,8250,94.8,95.4,1161,505.2,506.9,298
2027-03-19,7175,797.5,800.5,624,135.4,136.2,2101
2027-03-19,7200,777.1,779.6,4287,139.2,140.1,12297
2027-03-19,7225,756.5,759.3,675,143.2,143.9,1483
2027-03-19,7250,736.3,738.7,2743,147.2,148,2765
2027-03-19,7275,716,718.8,218,151.5,152.2,698
2027-03-19,7300,696.1,698.2,3035,155.9,156.6,7810
2027-03-19,7325,676.2,678.3,946,160.4,161.1,2748
2027-03-19,7350,656.4,658.6,1622,165.1,165.8,2478
2027-03-19,7375,636.9,639,781,169.9,170.7,1254
2027-03-19,7400,617.4,619.6,4580,175,175.7,7141
2027-03-19,7425,598.2,600.3,914,180.2,181,1423
2027-03-19,7450,579.2,581.4,1606,185.6,186.4,5268
2027-03-19,7475,560.3,562.6,5167,191.1,192,7029
2027-03-19,7500,541.8,543.9,10829,196.9,197.8,14147
2027-03-19,7525,523.2,525.5,459,203,203.8,1088
2027-03-19,7550,505.2,507.3,3978,209.2,210.1,3122
2027-03-19,7575,487.6,488.8,325,215.7,216.6,544
2027-03-19,7600,469.8,471.1,9334,222.4,223.3,8819
2027-03-19,7625,452.4,453.6,1706,229.4,230.3,2102
2027-03-19,7650,435.2,436.5,3896,236.6,237.5,5039
2027-03-19,7675,418.4,419.6,1586,244.2,245.1,1099
2027-03-19,7700,401.7,403,5732,252,252.9,6719
2027-03-19,7725,385.4,386.6,956,260.1,261.1,1560
2027-03-19,7750,369.4,370.6,5702,268.5,269.4,5189
2027-03-19,7775,353.8,354.9,623,277.3,278.3,983
2027-03-19,7800,338.4,339.6,9581,286.3,287.3,9212
2027-03-19,7825,323.4,324.6,1148,295.7,296.8,1163
2027-03-19,7850,308.8,309.9,3737,305.5,306.6,4096
2027-03-19,7875,294.5,295.2,830,315.7,316.7,839
2027-03-19,7900,280.7,281.7,4099,326.2,327.3,4108
2027-03-19,7925,267.1,268.2,558,337.1,338.2,590
2027-03-19,7950,254,255.1,2818,348.4,349.5,863
2027-03-19,7975,241.3,242.4,483,360.1,361.3,342
2027-03-19,8000,229,230,67213,372.2,373.4,61325
2027-03-19,8025,217.1,218.1,2817,384.8,385.9,111
2027-03-19,8050,205.5,206.6,2938,397.7,398.9,346
2027-03-19,8075,194.5,195.5,950,411,412.2,62
2027-03-19,8100,183.8,184.8,8733,424.9,426,567
2027-03-19,8125,173.6,174.6,1249,439.1,440.2,101
2027-03-19,8150,163.8,164.7,2701,453.7,454.8,94
2027-03-19,8175,154.3,155.3,426,468.4,470.1,65
2027-03-19,8200,145.4,146.1,10158,483.9,485.5,1165
2027-03-19,8225,136.8,137.6,609,499.6,501.6,84
2027-03-19,8250,128.6,129.3,3605,515.9,517.6,71
2027-04-16,7175,840.9,844.2,351,154.2,155.2,473
2027-04-16,7200,820.7,823.6,2620,158.3,159.2,1433
2027-04-16,7225,800.3,803.7,22,162.4,163.4,1062
2027-04-16,7250,780.6,783.3,863,166.7,167.7,2655
2027-04-16,7275,760.6,763.5,18,171.2,172.1,507
2027-04-16,7300,740.9,743.6,390,175.8,176.7,919
2027-04-16,7325,721.2,724.1,205,180.5,181.5,427
2027-04-16,7350,701.8,704.5,1212,185.3,186.3,1238
2027-04-16,7375,682.4,685.3,290,190.3,191.4,548
2027-04-16,7400,663.2,665.8,476,195.5,196.4,721
2027-04-16,7425,644.3,647.2,81,200.8,201.9,1417
2027-04-16,7450,625.4,628.1,741,206.4,207.3,817
2027-04-16,7475,606.8,609.6,825,212,213.1,1094
2027-04-16,7500,588.3,590.9,1370,217.9,218.9,1965
2027-04-16,7525,569.9,572.8,435,224,225.1,87
2027-04-16,7550,552,554.5,1051,230.2,231.2,626
2027-04-16,7575,534.4,536.9,265,236.7,237.8,1601
2027-04-16,7600,516.9,518.6,1366,243.4,244.4,1796
2027-04-16,7625,499.5,501.2,273,250.3,251.4,470
2027-04-16,7650,482.3,484,588,257.4,258.5,691
2027-04-16,7675,465.4,467.1,291,264.8,266,541
2027-04-16,7700,448.7,450.4,2486,272.4,273.6,2596
2027-04-16,7725,432.3,434,812,280.3,281.6,230
2027-04-16,7750,416.2,417.8,826,288.5,289.7,2694
2027-04-16,7775,400.4,401.8,347,297,298.2,362
2027-04-16,7800,384.8,386.2,757,305.7,306.9,619
2027-04-16,7825,369.5,370.9,445,314.8,316.1,391
2027-04-16,7850,354.6,356,391,324.1,325.5,590
2027-04-16,7875,339.9,341.3,122,333.8,335.1,134
2027-04-16,7900,325.6,327.1,1147,343.8,345.1,236
2027-04-16,7925,311.6,313,271,354.2,355.5,238
2027-04-16,7950,298,299.5,317,364.8,366.3,218
2027-04-16,7975,284.7,286.1,66,375.9,377.3,121
2027-04-16,8000,271.8,273.1,2669,387.3,388.7,2231
2027-04-16,8025,259.3,260.6,119,399.1,400.5,86
2027-04-16,8050,247.1,248.3,684,411.2,412.7,707
2027-04-16,8075,235.3,236.6,72,423.7,425.1,69
2027-04-16,8100,223.9,225,2107,436.6,438.1,312
2027-04-16,8125,212.8,214.1,84,449.9,451.4,163
2027-04-16,8150,202.1,203.2,327,463.6,465,108
2027-04-16,8175,191.8,192.9,206,477.6,479.2,228
2027-04-16,8200,182,182.9,3195,492.1,493.6,1037
2027-04-16,8225,172.4,173.4,158,506.7,508.7,21
2027-04-16,8250,163.2,164.2,172,522,523.9,36
2027-05-21,7175,893.3,896.8,5,178.4,179.5,239
2027-05-21,7200,873.6,876.6,1187,182.7,183.7,4116
2027-05-21,7225,853.6,857.1,518,187.1,188.3,472
2027-05-21,7250,834.2,836.8,96,191.7,192.8,398
2027-05-21,7275,814.5,817.3,134,196.3,197.6,249
2027-05-21,7300,795.3,798,615,201.2,202.1,1287
2027-05-21,7325,775.6,778.7,85,206.1,207.4,394
2027-05-21,7350,756.8,759.6,1217,211.2,212.4,887
2027-05-21,7375,737.7,740.6,991,216.4,217.7,482
2027-05-21,7400,719,721.7,5674,221.7,222.8,1860
2027-05-21,7425,700.1,703,806,227.2,228.5,563
2027-05-21,7450,681.7,684.5,2649,232.9,234.2,1067
2027-05-21,7475,663.1,666.1,1113,238.7,240,460
2027-05-21,7500,645.1,647.8,7084,244.7,246,2789
2027-05-21,7525,626.9,629.8,71,250.8,252.2,247
2027-05-21,7550,609,611.8,1931,257.2,258.3,1052
2027-05-21,7575,591.4,594.2,1183,263.7,265.1,121
2027-05-21,7600,574.3,576,1819,270.4,271.8,1364
2027-05-21,7625,556.9,558.6,27,277.3,278.7,938
2027-05-21,7650,539.9,541.5,621,284.3,285.8,264
2027-05-21,7675,522.9,524.6,24,291.6,293.1,170
2027-05-21,7700,506.3,507.9,1838,299.1,300.4,2338
2027-05-21,7725,489.8,491.4,32,306.9,308.4,262
2027-05-21,7750,473.6,475.2,527,314.8,316.4,426
2027-05-21,7775,457.5,459.2,122,323,324.6,353
2027-05-21,7800,441.8,443.5,1460,331.5,333,1760
2027-05-21,7825,426.3,428,360,340.2,341.8,228
2027-05-21,7850,411.1,412.8,750,349.2,350.7,558
2027-05-21,7875,396.2,397.9,521,358.5,359.9,433
2027-05-21,7900,381.5,383.2,518,368,369.7,948
2027-05-21,7925,367.2,368.9,213,377.8,379.5,167
2027-05-21,7950,353.1,354.5,1415,388,389.7,173
2027-05-21,7975,339.3,341,157,398.4,400,62
2027-05-21,8000,325.9,327.3,5106,409.2,410.8,1635
2027-05-21,8025,312.6,314.2,238,420.3,421.9,328
2027-05-21,8050,299.8,301.2,421,431.7,433.3,404
2027-05-21,8075,287.3,288.8,125,443.3,444.9,146
2027-05-21,8100,275.2,276.6,5444,455.4,457,638
2027-05-21,8125,263.2,264.7,366,467.7,469.1,230
2027-05-21,8150,251.7,253.2,441,480.4,482.1,301
2027-05-21,8175,240.6,242,223,493.5,495.1,243
2027-05-21,8200,229.7,231.1,1830,506.9,508.5,109
2027-05-21,8225,219.2,220.7,240,520.6,522.2,74
2027-05-21,8250,209.1,210.5,932,534.7,536.4,133
2027-06-17,7175,930.2,933.9,227,194.6,195.6,856
2027-06-17,7200,910.9,914,4879,199.1,200,7360
2027-06-17,7225,891.9,894.6,244,203.7,204.8,738
2027-06-17,7250,872.5,875.1,836,208.4,209.4,1263
2027-06-17,7275,853.2,855.8,163,213.3,214.3,437
2027-06-17,7300,834,836.6,4187,218.2,219.2,5724
2027-06-17,7325,815,817.6,123,223.3,224.4,3109
2027-06-17,7350,796.1,798.6,3170,228.5,229.5,3335
2027-06-17,7375,777.3,780,616,233.8,234.9,1276
2027-06-17,7400,758.6,761.2,6457,239.4,240.3,14651
2027-06-17,7425,740.1,742.9,1255,244.9,246,1384
2027-06-17,7450,721.7,724.3,2806,250.7,251.7,2101
2027-06-17,7475,703.5,706.2,1684,256.5,257.7,3768
2027-06-17,7500,685.4,688,10005,262.7,263.7,12513
2027-06-17,7525,667.5,670.3,600,268.8,270,274
2027-06-17,7550,649.7,652.3,1785,275.2,276.3,2227
2027-06-17,7575,632.1,634.9,363,281.7,282.9,1324
2027-06-17,7600,614.9,616.7,6254,288.5,289.5,10008
2027-06-17,7625,597.9,599.5,1006,295.2,296.5,485
2027-06-17,7650,580.9,582.4,934,302.3,303.5,1561
2027-06-17,7675,564.1,565.5,951,309.5,310.8,750
2027-06-17,7700,547.4,548.9,6016,317.1,318.2,8464
2027-06-17,7725,531,532.4,699,324.6,326,788
2027-06-17,7750,514.7,516.2,4007,332.6,333.8,2368
2027-06-17,7775,498.7,500.2,764,340.6,341.9,2581
2027-06-17,7800,482.9,484.4,8927,349,350.1,8831
2027-06-17,7825,467.3,468.7,5658,357.4,358.8,5036
2027-06-17,7850,452,453.3,2373,366.3,367.6,2510
2027-06-17,7875,436.8,438.2,1379,375.3,376.6,3684
2027-06-17,7900,422,423.5,5330,384.5,385.9,4287
2027-06-17,7925,407.4,408.8,1111,394.1,395.5,2568
2027-06-17,7950,393.2,394.7,1940,403.9,405.3,1748
2027-06-17,7975,379.2,380.6,530,414,415.4,487
2027-06-17,8000,365.4,366.6,59126,424.3,425.7,57104
2027-06-17,8025,351.9,353.2,603,435,436.4,932
2027-06-17,8050,338.8,340,2084,445.9,447.3,1210
2027-06-17,8075,325.8,327.3,464,457.1,458.6,628
2027-06-17,8100,313.3,314.4,7684,468.8,470,3235
2027-06-17,8125,300.9,302.4,370,480.5,481.9,434
2027-06-17,8150,289,290.1,3980,492.6,494,1692
2027-06-17,8175,277.3,278.7,323,505,506.5,164
2027-06-17,8200,266,267,10904,517.8,519.3,1241
2027-06-17,8225,254.9,256.1,382,530.9,532.3,100
2027-06-17,8250,244.1,245.3,1250,544.3,545.6,351
2027-07-16,7175,971.9,976,51,210.9,212.3,191
2027-07-16,7200,952.7,956.2,1122,215.6,216.8,160
2027-07-16,7225,933.5,936.8,31,220.3,221.7,350
2027-07-16,7250,914.3,917.7,85,225.1,226.4,371
2027-07-16,7275,895.3,898.6,69,230.1,231.5,604
2027-07-16,7300,876.3,879.6,118,235.1,236.5,3079
2027-07-16,7325,857.5,860.8,9,240.4,241.8,208
2027-07-16,7350,838.8,842.1,347,245.6,247,1078
2027-07-16,7375,820.2,823.5,63,251,252.5,2812
2027-07-16,7400,801.7,805,1983,256.6,257.8,3565
2027-07-16,7425,783.3,786.8,1119,262.3,263.8,448
2027-07-16,7450,765.1,768.4,2944,268.1,269.5,1161
2027-07-16,7475,747,750.5,569,274,275.5,48
2027-07-16,7500,729,732.3,8585,280.1,281.4,1312
2027-07-16,7525,711.2,714.7,1125,286.3,287.8,91
2027-07-16,7550,693.7,696.8,3492,292.7,294.1,585
2027-07-16,7575,676,679.5,652,299.2,300.8,82
2027-07-16,7600,658.8,662,1516,305.9,307.3,825
2027-07-16,7625,641.8,644,303,312.7,314.3,112
2027-07-16,7650,625.2,627,276,319.7,321.2,113
2027-07-16,7675,608.4,610.2,417,326.9,328.5,96
2027-07-16,7700,591.7,593.5,707,334.3,335.8,1659
2027-07-16,7725,575.3,577,13,341.8,343.5,78
2027-07-16,7750,559,560.8,634,349.6,350.9,1315
2027-07-16,7775,542.9,544.6,217,357.4,359.2,491
2027-07-16,7800,527,528.8,705,365.6,367.1,525
2027-07-16,7825,511.3,513.1,49,373.9,375.6,120
2027-07-16,7850,495.8,497.7,524,382.4,384,306
2027-07-16,7875,480.6,482.4,107,391.2,393,549
2027-07-16,7900,465.6,467.4,504,400.1,401.8,321
2027-07-16,7925,450.8,452.6,146,409.3,411.2,317
2027-07-16,7950,436.4,437.8,439,418.8,420.3,3139
2027-07-16,7975,421.9,423.8,335,428.5,430.3,439
2027-07-16,8000,407.9,409.7,3705,438.6,440.1,1660
2027-07-16,8025,394.1,395.9,146,448.7,450.5,304
2027-07-16,8050,380.5,382.3,1604,459.2,461.2,361
2027-07-16,8075,367.2,369,194,469.9,471.7,216
2027-07-16,8100,354.4,355.4,3165,480.9,482.9,593
2027-07-16,8125,341.6,343,107,492.2,494,33
2027-07-16,8150,329,330.5,832,503.7,505.7,24
2027-07-16,8175,316.8,318.5,222,515.6,517.4,29
2027-07-16,8200,305.1,306.4,2026,527.7,529.7,871
2027-07-16,8225,293.3,295,299,540.1,541.9,23
2027-07-16,8250,282,283.6,417,552.8,554.5,204
2027-08-20,7175,1020.9,1025.5,11,231.1,232.4,47
2027-08-20,7200,1002,1005.9,9,235.9,237.1,105
2027-08-20,7225,983.3,986.7,4,240.7,242.1,2824
2027-08-20,7250,964.3,967.8,12,245.7,247,307
2027-08-20,7275,945.5,949,4,250.8,252.2,99
2027-08-20,7300,926.8,930.3,31,256,257.6,526
2027-08-20,7325,908.2,911.7,4,261.3,262.7,185
2027-08-20,7350,889.8,893.2,4,266.8,268.4,173
2027-08-20,7375,871.4,874.8,73,272.3,273.7,422
2027-08-20,7400,853.1,856.6,201,277.9,279.6,570
2027-08-20,7425,835,838.5,92,283.8,285.1,383
2027-08-20,7450,816.9,820.4,6,289.6,291.2,608
2027-08-20,7475,799,802.6,585,295.6,297,116
2027-08-20,7500,781.1,784.7,915,301.8,302.9,1982
2027-08-20,7525,763.6,767.2,503,308.1,309.4,11
2027-08-20,7550,746,749.6,10,314.5,316.1,19
2027-08-20,7575,728.7,732.4,907,321,322.4,87
2027-08-20,7600,711.6,715,3084,327.7,328.9,599
2027-08-20,7625,694.7,697.1,712,334.5,335.9,102
2027-08-20,7650,678.3,680.1,2075,341.4,343.1,274
2027-08-20,7675,661.5,663.4,2215,348.6,350.1,81
2027-08-20,7700,644.9,646.8,5308,355.8,357.1,2633
2027-08-20,7725,628.3,630.3,1966,363.3,364.8,104
2027-08-20,7750,612.1,614.1,4051,370.9,372.3,316
2027-08-20,7775,596,598,2464,378.7,380.3,160
2027-08-20,7800,580.1,582.1,2691,386.6,388.1,1144
2027-08-20,7825,564.4,566.1,803,394.8,396.4,1612
2027-08-20,7850,548.9,550.9,169,403.1,404.6,253
2027-08-20,7875,533.5,535.4,51,411.7,413.4,110
2027-08-20,7900,518.4,520.3,652,420.5,422.3,53
2027-08-20,7925,503.5,505.3,185,429.4,431.1,292
2027-08-20,7950,488.7,490.6,83,438.5,440.1,107
2027-08-20,7975,474.4,476.1,475,447.9,449.6,636
2027-08-20,8000,460.1,461.8,1876,457.5,459.5,1266
2027-08-20,8025,446,447.7,35,467.3,469,7
2027-08-20,8050,432.2,433.8,325,477.3,479.4,22
2027-08-20,8075,418.6,420.2,354,487.6,489.2,262
2027-08-20,8100,405.2,406.8,638,498.1,500.2,47
2027-08-20,8125,391.9,393.7,121,508.9,510.6,111
2027-08-20,8150,379.2,380.8,517,519.9,522,350
2027-08-20,8175,366.5,368.2,65,531.1,532.9,21
2027-08-20,8200,354.1,355.8,440,542.6,544.8,420
2027-08-20,8225,342,343.6,246,554.4,556.2,12
2027-08-20,8250,330.1,331.6,972,566.4,568.6,42
2027-09-17,7175,1056.6,1061.3,77,245.8,247,507
2027-09-17,7200,1038.7,1041.7,2657,250.6,251.7,6519
2027-09-17,7225,1019.9,1022.8,99,255.6,256.9,1141
2027-09-17,7250,1001.2,1004,55,260.7,261.8,269
2027-09-17,7275,982.5,985.5,79,265.9,267.1,101
2027-09-17,7300,964,966.9,107,271.1,272.2,2652
2027-09-17,7325,945.6,948.5,47,276.5,277.8,130
2027-09-17,7350,927.2,930.3,34,282,283.1,661
2027-09-17,7375,909,912.1,9,287.6,288.9,332
2027-09-17,7400,890.9,894,391,293.2,294.4,1576
2027-09-17,7425,872.9,876,287,299.1,300.4,385
2027-09-17,7450,855,858.1,92,305,306.2,1733
2027-09-17,7475,837.3,840.4,40,311.1,312.4,324
2027-09-17,7500,819.6,822.7,976,317.2,318.4,2472
2027-09-17,7525,802.1,805.2,671,323.5,324.9,115
2027-09-17,7550,784.7,787.8,4515,329.9,331.2,4533
2027-09-17,7575,767.4,770.7,575,336.5,337.9,316
2027-09-17,7600,750.3,753.5,6468,343.2,344.4,2557
2027-09-17,7625,733.3,736.5,2285,350,351.4,625
2027-09-17,7650,716.7,718.7,5603,356.9,358.2,4591
2027-09-17,7675,700.1,702,1127,364,365.4,251
2027-09-17,7700,683.6,685.4,7027,371.3,372.6,4253
2027-09-17,7725,667.2,669.1,869,378.7,380.1,353
2027-09-17,7750,651,652.9,1080,386.2,387.6,721
2027-09-17,7775,634.9,636.8,725,393.9,395.4,319
2027-09-17,7800,619,620.9,1353,401.8,403.3,1643
2027-09-17,7825,603.3,605.1,59,409.9,411.4,793
2027-09-17,7850,587.8,589.6,291,418.1,419.6,673
2027-09-17,7875,572.4,574.3,59,426.5,428.1,245
2027-09-17,7900,557.3,558.9,2703,435.1,436.6,2632
2027-09-17,7925,542.3,544.1,340,443.9,445.5,129
2027-09-17,7950,527.5,529.1,1923,452.9,454.4,1397
2027-09-17,7975,512.9,514.6,90,462.1,463.7,123
2027-09-17,8000,498.5,500,16958,471.5,473,16868
2027-09-17,8025,484.3,485.9,443,481.1,482.7,461
2027-09-17,8050,470.3,471.9,697,490.9,492.4,799
2027-09-17,8075,456.6,458.1,474,500.9,502.5,327
2027-09-17,8100,443,444.5,1737,511.2,512.7,1314
2027-09-17,8125,429.7,431.2,198,521.7,523.2,38
2027-09-17,8150,416.6,418.3,1667,532.4,533.8,562
2027-09-17,8175,403.8,405.1,298,543.3,544.8,300
2027-09-17,8200,391.1,392.5,2781,554.5,555.9,850
2027-09-17,8225,378.8,380.1,170,565.9,567.3,576
2027-09-17,8250,366.5,367.9,1684,577.5,578.9,229
2027-10-15,7225,1057.1,1060.9,1,268.1,270.2,2
2027-10-15,7250,1038.5,1042.4,1,273.2,275.3,1
2027-10-15,7300,1001.7,1005.6,2,283.8,285.8,1
2027-10-15,7325,983.2,987.4,5,289.2,291.4,53
2027-10-15,7350,965,969.1,4,294.7,296.8,20
2027-10-15,7375,947.1,951.1,4,300.4,302.6,18
2027-10-15,7400,929.2,933,40,306.1,308.2,73
2027-10-15,7425,911.1,915.3,6,312,314.2,6
2027-10-15,7450,893.4,897.4,5,317.9,320.1,605
2027-10-15,7500,858.2,862.2,2,330.2,332.4,26
2027-10-15,7575,806.3,810.6,1,349.4,351.2,2
2027-10-15,7600,789.5,793.3,4,356,358.4,10
2027-10-15,7625,772.3,776.7,1,362.8,364.7,1
2027-10-15,7650,756.5,758.9,7,369.8,372.1,5
2027-10-15,7675,739.9,742.2,2,376.8,378.7,1
2027-10-15,7700,723.4,725.7,196,384,386.4,28
2027-10-15,7725,707.1,709.3,40,391.4,393.3,4
2027-10-15,7750,690.9,693.2,8,398.9,401.2,12
2027-10-15,7775,674.8,677.2,7,406.5,408.5,54
2027-10-15,7800,658.9,661.3,10,414.3,416.7,14
2027-10-15,7825,643.2,645.5,1,422.3,424.3,4
2027-10-15,7850,627.6,630,6,430.4,432.8,1
2027-10-15,7900,597,599.4,2,447.2,449.6,3
2027-10-15,7925,581.9,584.3,48,455.8,457.8,2
2027-10-15,7950,567,569.1,1,464.7,467.1,2
2027-10-15,7975,552.3,554.8,18,473.7,476.1,8
2027-10-15,8000,537.8,540.3,5,482.9,485.3,55
2027-10-15,8075,495.5,497.6,1,511.6,514.1,2
2027-10-15,8100,481.7,484.1,195,521.6,523.9,1
2027-10-15,8125,468.2,470.3,1,531.8,534.2,1
2027-10-15,8150,454.9,457.1,2,542.2,544.5,201
2027-10-15,8225,416.2,418.6,2,574.6,577.1,5
2027-10-15,8250,403.8,405.8,1,585.9,588.1,4
2027-12-17,7200,1153.1,1156.9,4072,290,292.1,2981
2027-12-17,7250,1116.5,1120.4,1281,300.5,302.6,2337
2027-12-17,7300,1080.3,1084.3,1962,311.3,313.4,4865
2027-12-17,7350,1044.5,1048.4,602,322.4,324.5,1505
2027-12-17,7400,1009,1013,3406,333.9,336.1,3415
2027-12-17,7450,974,978,997,345.8,348,2587
2027-12-17,7500,939.2,943.4,7215,358.1,360.3,9598
2027-12-17,7550,905.2,909.2,1325,370.9,373.1,1883
2027-12-17,7600,871.2,875.5,6663,384,386.3,4421
2027-12-17,7650,837.9,842.2,747,397.7,399.5,700
2027-12-17,7700,805.6,807.9,1234,411.8,413.7,2524
2027-12-17,7750,773.5,775.6,863,426.4,428.3,948
2027-12-17,7800,741.8,743.9,4259,441.6,443.6,3916
2027-12-17,7850,710.6,712.7,979,457.4,459.4,559
2027-12-17,7900,680,682.1,2087,473.7,475.7,1463
2027-12-17,7950,650,652.1,2022,490.7,492.7,507
2027-12-17,8000,620.6,622.7,91038,508.3,510.2,85704
2027-12-17,8050,591.8,593.9,1461,526.6,528.4,282
2027-12-17,8100,563.7,565.9,2434,545.5,547.3,1130
2027-12-17,8150,536.4,538.5,1475,565.1,567.4,3784
2027-12-17,8200,509.7,511.6,5098,585.5,587.7,2906
2027-12-17,8250,483.7,485.6,506,606.5,608.8,142
2028-01-21,7200,1197.4,1203.3,1,300.5,302.6,11
2028-01-21,7250,1161.7,1167,1,310.9,313,192
2028-01-21,7400,1054.9,1060,3,344.2,346.4,3
2028-01-21,7450,1020.1,1025.1,15,356,358.3,80
2028-01-21,7500,985.6,990.6,27,368.3,370.6,54
2028-01-21,7650,884.7,889.7,1,407.5,409.9,150
2028-01-21,7700,852,857,51,421.4,423.9,52
2028-01-21,7750,819.9,823,5,435.9,438.4,28
2028-01-21,7800,788.5,791.2,19,450.8,453.4,19
2028-01-21,7825,772.6,775.6,1,458.3,461.3,145
2028-01-21,7900,726.4,729.3,11,482.3,484.9,23
2028-01-21,7950,696.3,699.1,140,498.8,501.5,48
2028-01-21,8000,666.8,669.5,359,515.9,518.6,555
2028-01-21,8025,652.1,655,2,524.5,527.6,1
2028-01-21,8075,623.5,626.4,500,542.5,545.7,1
2028-01-21,8100,609.3,612.2,75,552,554.7,1
2028-01-21,8150,581.6,584.5,75,570.9,573.8,3
2028-01-21,8200,554.5,557.5,143,590.6,593.4,16
2028-01-21,8250,528.2,531.1,4,610.9,613.8,38
2028-06-16,7175,1380,1390.4,1,343,346.6,13
2028-06-16,7200,1363,1371.6,4,348.5,351.7,304
2028-06-16,7250,1329.1,1335.1,17,359.1,362.4,24
2028-06-16,7275,1311.7,1317.7,10,364.3,367.9,21
2028-06-16,7300,1294.3,1300.4,157,370,373.3,108
2028-06-16,7400,1225.7,1231.8,257,392.7,396.2,888
2028-06-16,7425,1208.7,1214.9,51,398.5,402.2,48
2028-06-16,7450,1191.8,1198,9,404.5,408,48
2028-06-16,7475,1175,1181.2,2,410.5,414.2,28
2028-06-16,7500,1158.3,1164.6,800,416.7,420.2,1426
2028-06-16,7525,1141.4,1147.9,10,422.9,426.5,21
2028-06-16,7550,1125.1,1131.4,12,429.2,432.8,93
2028-06-16,7575,1108.6,1115,9,435.5,439.1,73
2028-06-16,7600,1092,1098.7,1733,442,445.7,1730
2028-06-16,7625,1075.7,1082.4,6,448.5,452.3,9
2028-06-16,7650,1059.5,1066.2,8,455.2,458.9,32
2028-06-16,7675,1043.3,1050.2,31,461.9,465.7,48
2028-06-16,7700,1027.6,1034.2,1126,468.8,472.6,1212
2028-06-16,7725,1011.7,1018.3,2,475.7,479.5,15
2028-06-16,7750,995.4,1002.6,218,482.8,486.5,236
2028-06-16,7775,979.8,986.8,20,489.8,493.7,26
2028-06-16,7800,964.2,971.3,463,497.1,500.9,567
2028-06-16,7825,949.5,953.5,4,504.3,508.2,15
2028-06-16,7850,934,938.1,16,511.8,515.7,34
2028-06-16,7875,918.7,922.8,7,519.3,523.2,13
2028-06-16,7900,903.9,907.6,182,527,530.9,69
2028-06-16,7925,888.4,892.5,14,534.7,538.6,5
2028-06-16,7950,873.4,877.5,23,542.6,546.5,45
2028-06-16,7975,858.5,862.7,6,550.5,554.5,10
2028-06-16,8000,844.2,847.9,808,558.6,562.6,581
2028-06-16,8025,829.1,833.3,15,566.7,570.8,50
2028-06-16,8050,814.6,818.8,18,575.1,579.1,33
2028-06-16,8075,800.2,804.4,6,583.5,587.6,18
2028-06-16,8100,786.3,790.1,535,592.1,596.1,162
2028-06-16,8125,771.7,775.9,1,600.7,604.6,9
2028-06-16,8150,757.9,761.9,101,609.6,613.6,95
2028-06-16,8175,744.1,748,21,618.5,622.6,10
2028-06-16,8200,730.2,734.2,500,627.5,631.6,287
2028-06-16,8225,716.4,720.6,61,636.7,640.8,55
2028-06-16,8250,703,707,600,646,650.1,462
2028-12-15,7200,1550.4,1566.7,1061,395.4,399.8,937
2028-12-15,7250,1516.8,1532.8,104,406.2,410.6,122
2028-12-15,7300,1486.4,1493.9,518,417.2,421.7,446
2028-12-15,7350,1453.5,1460.7,6,428.5,433,84
2028-12-15,7400,1419.8,1427.8,1311,440,444.5,1137
2028-12-15,7450,1387.9,1395.1,107,451.9,456.3,57
2028-12-15,7500,1354.7,1362.8,1165,463.9,468.4,1904
2028-12-15,7550,1323.3,1330.6,16,476.2,480.7,686
2028-12-15,7600,1291.4,1298.8,1242,488.8,493.3,1127
2028-12-15,7650,1259.8,1267.3,25,501.6,506.2,133
2028-12-15,7700,1228.5,1236,1084,514.8,519.4,1330
2028-12-15,7750,1197.4,1205.1,221,528.2,532.9,66
2028-12-15,7800,1165.8,1174.5,875,541.9,546.7,1320
2028-12-15,7850,1136.3,1144.1,17,555.9,560.7,234
2028-12-15,7900,1106.2,1114.1,530,570.3,575.1,404
2028-12-15,7950,1076.4,1084.5,3,585,589.9,64
2028-12-15,8000,1047,1051.7,13967,600,604.9,12507
2028-12-15,8050,1017.9,1022.6,31,615.4,620.3,49
2028-12-15,8100,989.2,994,154,631.1,636.1,46
2028-12-15,8150,960.9,965.5,49,647.3,652.3,63
2028-12-15,8200,932.9,937.6,808,663.8,668.7,762
2028-12-15,8250,905.3,910.1,198,680.7,685.6,384
2029-12-21,7200,1886.7,1941.7,375,458.7,482.2,356
2029-12-21,7300,1824.7,1878.6,148,479.9,504.1,215
2029-12-21,7400,1763.5,1816.1,249,501.9,526.6,329
2029-12-21,7500,1703,1754.4,664,524.6,549.9,1294
2029-12-21,7600,1643.2,1693.4,852,548,573.9,927
2029-12-21,7700,1584.2,1633.2,1010,572.3,598.7,601
2029-12-21,7800,1526,1573.9,678,597.2,624.4,678
2029-12-21,7900,1468.5,1515.3,215,623,650.8,117
2029-12-21,8000,1411.9,1457.7,7724,649.7,678.1,7535
2029-12-21,8100,1356.1,1400.9,34,677.2,706.3,55
2029-12-21,8200,1301.3,1345.1,175,705.7,735.5,259
2030-12-20,7200,2071.9,2371.9,40,450.3,585.1,33
2030-12-20,7300,2013.8,2313.8,103,470.9,607.7,125
2030-12-20,7400,1958.2,2258.2,22,493.2,629.7,299
2030-12-20,7500,1899.3,2199.3,216,514.9,653.5,284
2030-12-20,7600,1842.8,2142.8,253,537.1,677.8,233
2030-12-20,7700,1817,2069.8,62,561.3,701.4,58
2030-12-20,7800,1760.9,2015.4,75,584.7,726.8,98
2030-12-20,7900,1705.3,1961.7,2,608.7,752.8,9
2030-12-20,8000,1650.4,1908.5,10350,634.7,778,10211
2030-12-20,8100,1596,1855.8,16,660,805,54
2030-12-20,8200,1542.2,1803.8,461,686.4,832.1,638
2031-12-19,7200,2361.6,2661.6,355,437.9,662,509
2031-12-19,7600,2145.7,2445.7,419,520,752.6,2232
2031-12-19,8000,1938.8,2238.8,21193,611.4,847.7,21253
