source_filing_fy,as_of,line_item,fair_value_musd,shock,impact_musd
2023,2022-12-31,market_risk_benefits,2753,equity_up_10pct,-2382
2023,2022-12-31,market_risk_benefits,2753,equity_down_10pct,2867
2023,2022-12-31,market_risk_benefits,2753,rates_up_50bp,-2212
2023,2022-12-31,market_risk_benefits,2753,rates_down_50bp,2463
2023,2022-12-31,fia_rila_embedded_derivatives,235,equity_up_10pct,1
2023,2022-12-31,fia_rila_embedded_derivatives,235,equity_down_10pct,-3
2023,2022-12-31,fia_rila_embedded_derivatives,235,rates_up_50bp,-9
2023,2022-12-31,fia_rila_embedded_derivatives,235,rates_down_50bp,9
2023,2023-12-31,market_risk_benefits,-1136,equity_up_10pct,-2048
2023,2023-12-31,market_risk_benefits,-1136,equity_down_10pct,2587
2023,2023-12-31,market_risk_benefits,-1136,rates_up_50bp,-2213
2023,2023-12-31,market_risk_benefits,-1136,rates_down_50bp,2470
2023,2023-12-31,fia_rila_embedded_derivatives,1275,equity_up_10pct,2
2023,2023-12-31,fia_rila_embedded_derivatives,1275,equity_down_10pct,-5
2023,2023-12-31,fia_rila_embedded_derivatives,1275,rates_up_50bp,-49
2023,2023-12-31,fia_rila_embedded_derivatives,1275,rates_down_50bp,52
2024,2023-12-31,market_risk_benefits,-1136,equity_up_10pct,-2048
2024,2023-12-31,market_risk_benefits,-1136,equity_down_10pct,2587
2024,2023-12-31,market_risk_benefits,-1136,rates_up_50bp,-2213
2024,2023-12-31,market_risk_benefits,-1136,rates_down_50bp,2470
2024,2024-12-31,market_risk_benefits,-4939,equity_up_10pct,-1722
2024,2024-12-31,market_risk_benefits,-4939,equity_down_10pct,2187
2024,2024-12-31,market_risk_benefits,-4939,rates_up_50bp,-1728
2024,2024-12-31,market_risk_benefits,-4939,rates_down_50bp,2001
2024,2024-12-31,fia_rila_embedded_derivatives,3174,equity_up_10pct,4
2024,2024-12-31,fia_rila_embedded_derivatives,3174,equity_down_10pct,-10
2024,2024-12-31,fia_rila_embedded_derivatives,3174,rates_up_50bp,-110
2024,2024-12-31,fia_rila_embedded_derivatives,3174,rates_down_50bp,117
2025,2024-12-31,market_risk_benefits,-4939,equity_up_10pct,-1722
2025,2024-12-31,market_risk_benefits,-4939,equity_down_10pct,2187
2025,2024-12-31,market_risk_benefits,-4939,rates_up_100bp,-3206
2025,2024-12-31,market_risk_benefits,-4939,rates_down_100bp,4258
2025,2025-12-31,market_risk_benefits,-4238,equity_up_10pct,-1574
2025,2025-12-31,market_risk_benefits,-4238,equity_down_10pct,2008
2025,2025-12-31,market_risk_benefits,-4238,rates_up_100bp,-2980
2025,2025-12-31,market_risk_benefits,-4238,rates_down_100bp,3892
2025,2025-12-31,fia_rila_embedded_derivatives,6216,equity_up_10pct,1321
2025,2025-12-31,fia_rila_embedded_derivatives,6216,equity_down_10pct,-1594
2025,2025-12-31,fia_rila_embedded_derivatives,6216,rates_up_100bp,-367
2025,2025-12-31,fia_rila_embedded_derivatives,6216,rates_down_100bp,407
